title,channel,watched_at,video_url,video_ids,channel_id,video_duration,classification,classification_reason,classification_evidence
Halo Main Theme | Soundtrack | The Bands of HM Royal Marines,The Bands of HM Royal Marines,2026-07-07 17:53:59+00:00,https://www.youtube.com/watch?v=oQ8FZDm8pso,oQ8FZDm8pso,UCJ_cJSfxvUG3H-Q_5ylW7xg,PT3M8S,confirmed_music,music_channel,
Funniest bit of British comedy,MillerTime,2026-07-07 18:43:51+00:00,https://www.youtube.com/watch?v=34mk2F4iff4,34mk2F4iff4,UCcEBjovm2se1eRwvnwitz_Q,PT2M11S,probable_music,youtube_music_category_only,
"Blackbear - ""Deadroses"" OFFICIAL VERSION",StrictlyHits,2026-07-08 13:54:39+00:00,https://www.youtube.com/watch?v=8amLwmLp9pg,8amLwmLp9pg,UCvTLh2gYXW3P6UzT1W9kegw,PT3M6S,confirmed_music,music_channel,
Red （Lofi Ver.）,Mori Calliope - Topic,2026-07-08 14:11:31+00:00,https://www.youtube.com/watch?v=4dkup34LO6E,4dkup34LO6E,UCT6fzkIIQuAQIiJK3tt-keg,PT4M25S,confirmed_music,music_channel,
It's Going Down Now,Azumi Takahashi - Topic,2026-07-10 17:21:02+00:00,https://www.youtube.com/watch?v=2KuWjZD6PBA,2KuWjZD6PBA,UCPvaDaeCvULM4x1HOAwBcOw,PT3M7S,confirmed_music,music_channel,
Official髭男dism - Pretender［Official Video］,Official髭男dism,2026-07-10 18:08:33+00:00,https://www.youtube.com/watch?v=TQ8WlA2GXbk,TQ8WlA2GXbk,UC3vg17IZ1IV73xx069jG44w,PT5M36S,confirmed_music,music_channel,
why do i? (set it off feat. hatsune miku) ♡ cover【rachie x KiAme】,rachie 🎀💌,2026-07-10 18:08:35+00:00,https://www.youtube.com/watch?v=86d6rMcfZts,86d6rMcfZts,UCRbsmnDTHD9-4pEIuG7zYRw,PT2M52S,confirmed_music,music_channel,
「Yona Yona Journey / TAKU INOUE & Mori Calliope」MUSIC VIDEO,TAKU INOUE,2026-07-10 18:40:05+00:00,https://www.youtube.com/watch?v=YO1V9fn7zYo,YO1V9fn7zYo,UCICy3BC4CIU2OXa7VGoektw,PT4M24S,confirmed_music,music_channel,
Mechanized Memories,FreQuency - Topic,2026-07-10 18:44:23+00:00,https://www.youtube.com/watch?v=Wp3t9Nwjr_8,Wp3t9Nwjr_8,UCso8EafhT3TzkVYvT37lGag,PT4M29S,confirmed_music,music_channel,
【Mechanized Memories/アーマード・コア】三味線だけで弾いてみたら火傷したぜ [ARMORED CORE：Japanese Music Shamisen Cover],しゃみお - Shamisen player Shamio,2026-07-10 18:44:38+00:00,https://www.youtube.com/watch?v=so-wDs-ANMg,so-wDs-ANMg,UCzbj36R2CRdQs6Ve47h5_wQ,PT1M59S,confirmed_music,music_channel,
Kings - Jose Pavli | Project Wingman Soundtrack (2020),Jose Pavli,2026-07-10 18:46:19+00:00,https://www.youtube.com/watch?v=bh85GHBe6xY,bh85GHBe6xY,UCsrXjXpHkifWnMNwi6n8Pxg,PT7M5S,confirmed_music,music_channel,
「ツギハギスタッカート」歌ってみた【＊なみりん】,*namirin,2026-07-10 22:23:23+00:00,https://www.youtube.com/watch?v=EF4v7L9adKM,EF4v7L9adKM,UCb-crO2ATrJsm253151B4Vg,PT4M14S,confirmed_music,music_channel,
Showdown - Jose Pavli | Project Wingman Soundtrack (2020),Jose Pavli,2026-07-10 22:36:16+00:00,https://www.youtube.com/watch?v=xgcap-5IBsY,xgcap-5IBsY,UCsrXjXpHkifWnMNwi6n8Pxg,PT3M10S,confirmed_music,music_channel,
"Set It Off ""Wolf in Sheep's Clothing"" (Lyric Video)",Equal Vision Records,2026-07-10 22:59:56+00:00,https://www.youtube.com/watch?v=1KBfl-2mvxA,1KBfl-2mvxA,UC4sPlX6igstaXBAAgiwddVg,PT3M7S,confirmed_music,music_channel,
Set It Off - Why Do I,Set It Off,2026-07-10 23:00:06+00:00,https://www.youtube.com/watch?v=b6v9yaLYg3c,b6v9yaLYg3c,UCB1bJqKXS3lpy8HdW0P1zrQ,PT2M36S,confirmed_music,music_channel,
Set It Off - Dangerous,Set It Off,2026-07-10 23:02:41+00:00,https://www.youtube.com/watch?v=jv1SruGOB-Q,jv1SruGOB-Q,UCB1bJqKXS3lpy8HdW0P1zrQ,PT2M5S,confirmed_music,music_channel,
Why Do I (with Hatsune Miku),Set It Off,2026-07-10 23:14:36+00:00,https://www.youtube.com/watch?v=HMFNXgu7L3Q,HMFNXgu7L3Q,UCB1bJqKXS3lpy8HdW0P1zrQ,PT2M36S,confirmed_music,music_channel,
Why Do I,Set It Off - Topic,2026-07-10 23:44:24+00:00,https://www.youtube.com/watch?v=GYqbdR7GSio,GYqbdR7GSio,UC1qq04rurZvz4DZuaFgq-HA,PT2M35S,confirmed_music,music_channel,
Midnight Grand Orchestra『Moonlightspeed 』Music Video,Midnight Grand Orchestra,2026-07-11 00:29:06+00:00,https://www.youtube.com/watch?v=NI8KqzCvFsc,NI8KqzCvFsc,UCnVbtCwr-5LXxUlGxsgD7sQ,PT3M25S,confirmed_music,music_channel,
Why Do I (with Hatsune Miku),Set It Off,2026-07-11 20:54:01+00:00,https://www.youtube.com/watch?v=HMFNXgu7L3Q,HMFNXgu7L3Q,UCB1bJqKXS3lpy8HdW0P1zrQ,PT2M36S,confirmed_music,music_channel,
「Yona Yona Journey / TAKU INOUE & Mori Calliope」MUSIC VIDEO,TAKU INOUE,2026-07-11 20:56:43+00:00,https://www.youtube.com/watch?v=YO1V9fn7zYo,YO1V9fn7zYo,UCICy3BC4CIU2OXa7VGoektw,PT4M24S,confirmed_music,music_channel,
Why do we stay?,IRyS - Topic,2026-07-12 00:05:33+00:00,https://www.youtube.com/watch?v=j_uxwLPVa6k,j_uxwLPVa6k,UCyWyNomzTjBvuRsqZU1bRCg,PT3M42S,confirmed_music,music_channel,
Set It Off - Why Do I (with Hatsune Miku) [Sped Up],Set It Off,2026-07-12 01:15:33+00:00,https://www.youtube.com/watch?v=aYzKAVh0XYU,aYzKAVh0XYU,UCB1bJqKXS3lpy8HdW0P1zrQ,PT2M18S,confirmed_music,music_channel,
Perception Check (Official Music Video) - Tom Cardy,Tom Cardy,2026-07-12 01:50:32+00:00,https://www.youtube.com/watch?v=8HqLysSnnlQ,8HqLysSnnlQ,UCW7AGm8JSBEEew61dJIgl_A,PT1M52S,confirmed_music,music_channel,
ツユ - あの世行きのバスに乗ってさらば。 MV,ツユ,2026-07-12 01:51:05+00:00,https://www.youtube.com/watch?v=4QXCPuwBz2E,4QXCPuwBz2E,UCB2tP2QfRG7hTra0KTOtTBg,PT3M16S,confirmed_music,music_channel,
プロポーズ / なとり - 龍ヶ崎リン(cover),龍ヶ崎リン / Rene Ryugasaki【ななしいんく】,2026-07-12 01:55:42+00:00,https://www.youtube.com/watch?v=bqUdSoJGF0A,bqUdSoJGF0A,UC2hc-00y-MSR6eYA4eQ4tjQ,PT3M,confirmed_music,music_channel,
Thought Crime (Yorushika) ♡ English Cover【rachie】思想犯,rachie 🎀💌,2026-07-12 02:57:50+00:00,https://www.youtube.com/watch?v=sAAfVjUwVc4,sAAfVjUwVc4,UCRbsmnDTHD9-4pEIuG7zYRw,PT4M30S,confirmed_music,music_channel,
Set It Off - Why Do I,Set It Off,2026-07-12 03:40:03+00:00,https://www.youtube.com/watch?v=b6v9yaLYg3c,b6v9yaLYg3c,UCB1bJqKXS3lpy8HdW0P1zrQ,PT2M36S,confirmed_music,music_channel,
my male fantasy,Weeaboo Jones,2026-07-12 03:44:43+00:00,https://www.youtube.com/watch?v=47y6WMx8uik,47y6WMx8uik,UC4vilWtQs9fUibS_tnEcQkA,PT46S,confirmed_music,music_channel,
Why Do I (with Hatsune Miku),Set It Off,2026-07-12 22:42:10+00:00,https://www.youtube.com/watch?v=HMFNXgu7L3Q,HMFNXgu7L3Q,UCB1bJqKXS3lpy8HdW0P1zrQ,PT2M36S,confirmed_music,music_channel,
ヨルシカ - あぶく（OFFICIAL VIDEO）,ヨルシカ / n-buna Official,2026-07-12 22:44:46+00:00,https://www.youtube.com/watch?v=OHAjc-ayhus,OHAjc-ayhus,UCRIgIJQWuBJ0Cv_VlU3USNA,PT3M55S,confirmed_music,music_channel,
why do i? (set it off feat. hatsune miku) ♡ cover【rachie x KiAme】,rachie 🎀💌,2026-07-12 22:45:40+00:00,https://www.youtube.com/watch?v=86d6rMcfZts,86d6rMcfZts,UCRbsmnDTHD9-4pEIuG7zYRw,PT2M52S,confirmed_music,music_channel,
[MV] TAK - ‘PPPP’ feat. 初音ミク、重音テト,TAK / DORIDORI,2026-07-13 00:17:20+00:00,https://www.youtube.com/watch?v=8Cm-7oCq9HA,8Cm-7oCq9HA,UCktjMRvuBnE_XLVWIMa2H1w,PT2M37S,confirmed_music,music_channel,
Why Do I (with Hatsune Miku),Set It Off,2026-07-13 01:07:20+00:00,https://www.youtube.com/watch?v=HMFNXgu7L3Q,HMFNXgu7L3Q,UCB1bJqKXS3lpy8HdW0P1zrQ,PT2M36S,confirmed_music,music_channel,
harikitte ikou,bluejob01,2026-07-13 01:27:14+00:00,https://www.youtube.com/watch?v=AXRy19RsY6U,AXRy19RsY6U,UCJzGuKQ_kKOEydKvokUPhrQ,PT10S,confirmed_music,music_channel,
АДЛИН — Dead Inside (официальная премьера трека),soyuzmusic,2026-07-13 02:45:03+00:00,https://www.youtube.com/watch?v=numCkbbyzJk,numCkbbyzJk,UClHiHTxqjrCd6COfRxtxxeQ,PT2M5S,confirmed_music,music_channel,
The Water Is Wide – Guitar That Sounds Unreal,Keizo Ishibashi / 石橋敬三,2026-07-13 17:49:14+00:00,https://www.youtube.com/watch?v=gT88vv28jdQ,gT88vv28jdQ,UC10821i7d-NOfDbWkVdbVig,PT1M37S,confirmed_music,music_channel,
Strinova season 6 loading screen bgm,Neko4an,2026-07-13 18:00:57+00:00,https://www.youtube.com/watch?v=uCoLXPMZmSw,uCoLXPMZmSw,UCty7gPN7DoHAAietgFtuWcw,PT2M25S,confirmed_music,music_channel,
Why Do I,Set It Off - Topic,2026-07-13 18:58:32+00:00,https://www.youtube.com/watch?v=GYqbdR7GSio,GYqbdR7GSio,UC1qq04rurZvz4DZuaFgq-HA,PT2M35S,confirmed_music,music_channel,
Why Do I (Cover)【Will Stetson x @Neurosama  】「Set It Off」,Will Stetson,2026-07-13 19:06:48+00:00,https://www.youtube.com/watch?v=ofiJj5ZtQ10,ofiJj5ZtQ10,UCe82o8G7z0bFXI2U092nteA,PT2M36S,confirmed_music,music_channel,
Frostpunk - The City must survive | Münchner Rundfunkorchester,ARD Klassik,2026-07-13 20:30:52+00:00,https://www.youtube.com/watch?v=FqI9hzDZPOk,FqI9hzDZPOk,UCgSO-M9hotp-0h7LYNp2oOg,PT4M20S,confirmed_music,music_channel,
Hachimi Michi - Ting Ting Tung Tung Ting - (Mambo Mambo Mamambo) || Nhạc Nền Hot Chill TikTok 2026,1 Giờ Chill,2026-07-13 20:55:16+00:00,https://www.youtube.com/watch?v=qwX_wuEdkz4,qwX_wuEdkz4,UCS59nEKXHBwZb_CBuKYtIXA,PT2M23S,confirmed_music,music_channel,
Have A Short Rest - Persona 5,PSC,2026-07-13 23:04:04+00:00,https://www.youtube.com/watch?v=TQ06skW9dLY,TQ06skW9dLY,UCuggrgtogxwtSy1gaxlr4eg,PT3M52S,confirmed_music,music_channel,
Life's Incredible Again,Michael Giacchino - Topic,2026-07-13 23:25:09+00:00,https://www.youtube.com/watch?v=vs4DNJxG4v4,vs4DNJxG4v4,UCD2LZAT1j1DyVXq2R2BdusQ,PT1M25S,confirmed_music,music_channel,
Adam Ten & Rhye - 3 Days Later (Official Full Stream),Higher Ground,2026-07-14 01:00:48+00:00,https://www.youtube.com/watch?v=djfOiJc8oEQ,djfOiJc8oEQ,UC8m8nnD5fL7999_vk8rcVvg,PT5M34S,confirmed_music,music_channel,
Have A Short Rest - Persona 5,PSC,2026-07-14 03:54:41+00:00,https://www.youtube.com/watch?v=TQ06skW9dLY,TQ06skW9dLY,UCuggrgtogxwtSy1gaxlr4eg,PT3M52S,confirmed_music,music_channel,
that one dinky ass kirby song except it loops,godwin972,2026-07-14 17:33:44+00:00,https://www.youtube.com/watch?v=umZYbDvAYm4,umZYbDvAYm4,UCS2scS8EJjUBeeYRk6bE92w,PT30M32S,confirmed_music,music_channel,
ヨルシカ - 左右盲（OFFICIAL VIDEO）,ヨルシカ / n-buna Official,2026-07-14 18:14:45+00:00,https://www.youtube.com/watch?v=1IlTeOMCNJU,1IlTeOMCNJU,UCRIgIJQWuBJ0Cv_VlU3USNA,PT4M32S,confirmed_music,music_channel,
"照井順政 , Shania Yan - Far Beyond The Stars ( Performance Video )",Shania Yan,2026-07-14 19:47:26+00:00,https://www.youtube.com/watch?v=kLsRsBeX1Nk,kLsRsBeX1Nk,UCcaYkWDw6A4_8awJgKGWeGA,PT5M4S,confirmed_music,music_channel,
I'm a chud song (Kasane Teto Cover),KyuKai,2026-07-14 22:36:15+00:00,https://www.youtube.com/watch?v=NAcD7ajSaL4,NAcD7ajSaL4,UCnEZJ1s0BTP7fk6Owo-WlUw,PT1M16S,confirmed_music,music_channel,
Newton / 星街すいせい (アコースティックアレンジver)/ぶいあーる!〜VTuberの音楽Radio〜/星街すいせい/中日歌詞,阿葆,2026-07-14 22:37:48+00:00,https://www.youtube.com/watch?v=pdy7UpjOxLw,pdy7UpjOxLw,UCxnk9KWtMi46GOpMdTTZXSw,PT4M21S,confirmed_music,music_channel,
"King, Queen, and Slave - Persona 5",PSC,2026-07-14 23:54:12+00:00,https://www.youtube.com/watch?v=0LmZ9wIkMxo,0LmZ9wIkMxo,UCuggrgtogxwtSy1gaxlr4eg,PT3M33S,confirmed_music,music_channel,
【Ado】踊,Ado,2026-07-15 10:41:41+00:00,https://www.youtube.com/watch?v=YnSW8ian29w,YnSW8ian29w,UCln9P4Qm3-EAY4aiEPmRwEA,PT3M29S,confirmed_music,music_channel,
「Yona Yona Journey / TAKU INOUE & Mori Calliope」MUSIC VIDEO,TAKU INOUE,2026-07-15 17:59:53+00:00,https://www.youtube.com/watch?v=YO1V9fn7zYo,YO1V9fn7zYo,UCICy3BC4CIU2OXa7VGoektw,PT4M24S,confirmed_music,music_channel,
Why Do I (with Hatsune Miku),Set It Off,2026-07-15 18:16:23+00:00,https://www.youtube.com/watch?v=HMFNXgu7L3Q,HMFNXgu7L3Q,UCB1bJqKXS3lpy8HdW0P1zrQ,PT2M36S,confirmed_music,music_channel,
Metal Gear Rising: Revengeance OST - A Stranger I Remain Extended,Crimson,2026-07-15 20:11:23+00:00,https://www.youtube.com/watch?v=h-rj8HVW3PQ,h-rj8HVW3PQ,UCuxYpDWtMI0u06_VAbgcFZg,PT4M29S,confirmed_music,music_channel,
I'm a chud song (Kasane Teto Cover),KyuKai,2026-07-15 21:29:09+00:00,https://www.youtube.com/watch?v=NAcD7ajSaL4,NAcD7ajSaL4,UCnEZJ1s0BTP7fk6Owo-WlUw,PT1M16S,confirmed_music,music_channel,
Ado - Dawn and Fireflies (夜明けと蛍) Lyrics w/ Furigana | [Kan/Rom/Eng] ふりがな 歌詞 - Yoake to Hotaru,Yxelixi,2026-07-15 21:30:30+00:00,https://www.youtube.com/watch?v=nXlX3cPzJCY,nXlX3cPzJCY,UCfOrxHfd8G8kKJENJGlWVWg,PT5M9S,confirmed_music,music_channel,
Pokemon Black and White - Low HP Music EXTENDED,kendowater,2026-07-16 21:34:38+00:00,https://www.youtube.com/watch?v=KsoxjylnQ68,KsoxjylnQ68,UCWq1_db6oRbUJUgSJ3mB-AQ,PT15M30S,probable_music,weak_music_title,['extended']
ムーンライト / 星街すいせい(official),Suisei Channel,2026-07-16 23:42:56+00:00,https://www.youtube.com/watch?v=UmN7Fr_Kf-8,UmN7Fr_Kf-8,UC5CwaMl1eIgY8h02uZw7u8A,PT3M26S,confirmed_music,music_channel,
57 minutes of silence occasionally interrupted by weird route cue,BUH BUHBUH,2026-07-17 00:40:28+00:00,https://www.youtube.com/watch?v=2f-MqxKGzfs,2f-MqxKGzfs,UCFJubGr8cO7538vKIPfl52w,PT57M9S,confirmed_music,music_channel,
I'm a chud song (Kasane Teto Cover),KyuKai,2026-07-17 15:32:34+00:00,https://www.youtube.com/watch?v=NAcD7ajSaL4,NAcD7ajSaL4,UCnEZJ1s0BTP7fk6Owo-WlUw,PT1M16S,confirmed_music,music_channel,
The Water Is Wide – Guitar That Sounds Unreal,Keizo Ishibashi / 石橋敬三,2026-07-17 16:32:20+00:00,https://www.youtube.com/watch?v=gT88vv28jdQ,gT88vv28jdQ,UC10821i7d-NOfDbWkVdbVig,PT1M37S,confirmed_music,music_channel,
SiM - A (OFFICIAL VIDEO),gil soundworks,2026-07-17 16:37:37+00:00,https://www.youtube.com/watch?v=hdf7gIW_hls,hdf7gIW_hls,UCI8OpwyikQhEDKXvwDgemJA,PT4M20S,confirmed_music,music_channel,
Misery X CPR X Reese's Puffs (Fate Stay Night) (extended version) Lyrics,Aliko Fog,2026-07-17 22:25:18+00:00,https://www.youtube.com/watch?v=_TT_F4uE_lA,_TT_F4uE_lA,UCo1cl8d_aVTYa-hYSHc14Jg,PT3M27S,confirmed_music,music_channel,
Moana - You're Welcome | Cinematic Version,L'Orchestra Cinématique,2026-07-17 22:44:59+00:00,https://www.youtube.com/watch?v=BlKc6UZA9cM,BlKc6UZA9cM,UCLuEtEE-MF7EYtGcN0Z6mDg,PT2M51S,confirmed_music,music_channel,
Dead Inside (Shoulder Meme Wuwa) | Wuthering Waves,Ein Sof,2026-07-18 01:24:44+00:00,https://www.youtube.com/watch?v=fz8Rvmpo7mM,fz8Rvmpo7mM,UCsbeB1iTkYtS7FGOSY78z-g,PT2M6S,probable_music,youtube_music_category_only,
【ウマ娘】ユメヲカケル! (カノープスVer) (パート分け/Color Coded/Lyrics)【Run for Our Dream】,🐈Kogane Music,2026-07-18 01:36:10+00:00,https://www.youtube.com/watch?v=OpbokSpFAPk,OpbokSpFAPk,UCj1kPydcCE2roLSmWM1r5ag,PT4M52S,confirmed_music,music_channel,
I'm a chud song (Kasane Teto Cover),KyuKai,2026-07-18 20:53:03+00:00,https://www.youtube.com/watch?v=NAcD7ajSaL4,NAcD7ajSaL4,UCnEZJ1s0BTP7fk6Owo-WlUw,PT1M16S,confirmed_music,music_channel,
Baka Mitai-Mihono Bourbon Chibi (Yazuka/Umamusume),attouです,2026-07-19 03:01:18+00:00,https://www.youtube.com/watch?v=_YjxyRTsm8E,_YjxyRTsm8E,UC6C4UOaQ-yqFCNt3cQS4frw,PT2M1S,probable_music,youtube_music_category_only,
It's Going Down Now,Azumi Takahashi - Topic,2026-07-19 16:02:09+00:00,https://www.youtube.com/watch?v=2KuWjZD6PBA,2KuWjZD6PBA,UCPvaDaeCvULM4x1HOAwBcOw,PT3M7S,confirmed_music,music_channel,
Imagine Dragons - Take Me To The Beach (feat. Ado) (Official Lyric Video),ImagineDragonsVEVO,2026-07-19 17:08:19+00:00,https://www.youtube.com/watch?v=5Duje_sZko8,5Duje_sZko8,UCpx_k19S2vUutWUUM9qmXEg,PT2M48S,confirmed_music,music_channel,
【ウマ娘】ユメヲカケル! (カノープスVer) (パート分け/Color Coded/Lyrics)【Run for Our Dream】,🐈Kogane Music,2026-07-19 17:38:29+00:00,https://www.youtube.com/watch?v=OpbokSpFAPk,OpbokSpFAPk,UCj1kPydcCE2roLSmWM1r5ag,PT4M52S,confirmed_music,music_channel,
【UmaOS】Daitaku Helios in ʸ²⁰⁰⁰~,svthwrd,2026-07-19 22:14:46+00:00,https://www.youtube.com/watch?v=XCbRnm-C5hI,XCbRnm-C5hI,UCUhp8GfzmTReIPLo8_zoqOA,PT31S,confirmed_music,music_channel,
why do i? (set it off feat. hatsune miku) ♡ cover【rachie x KiAme】,rachie 🎀💌,2026-07-19 22:32:57+00:00,https://www.youtube.com/watch?v=86d6rMcfZts,86d6rMcfZts,UCRbsmnDTHD9-4pEIuG7zYRw,PT2M52S,confirmed_music,music_channel,
Prison Labor - Persona 5 Royal OST [Extended],Pollux,2026-07-19 22:57:40+00:00,https://www.youtube.com/watch?v=1ErqYeya-8w,1ErqYeya-8w,UCC6RWdwWxZHqnW6mOpUZJZg,PT2H1M51S,confirmed_music,music_channel,
The Water Is Wide – Guitar That Sounds Unreal,Keizo Ishibashi / 石橋敬三,2026-07-20 21:48:15+00:00,https://www.youtube.com/watch?v=gT88vv28jdQ,gT88vv28jdQ,UC10821i7d-NOfDbWkVdbVig,PT1M37S,confirmed_music,music_channel,
Kyrie Eleison – Gregorian Chant on Guitar,Keizo Ishibashi / 石橋敬三,2026-07-21 20:35:02+00:00,https://www.youtube.com/watch?v=_K8XQ0w6tlc,_K8XQ0w6tlc,UC10821i7d-NOfDbWkVdbVig,PT2M42S,confirmed_music,music_channel,
Why Do I (with Hatsune Miku),Set It Off,2026-07-21 21:37:38+00:00,https://www.youtube.com/watch?v=HMFNXgu7L3Q,HMFNXgu7L3Q,UCB1bJqKXS3lpy8HdW0P1zrQ,PT2M36S,confirmed_music,music_channel,
METAL SONIC x DOGS,Eleotan,2026-07-22 03:12:37+00:00,https://www.youtube.com/watch?v=dXdkfg-owoM,dXdkfg-owoM,UCjqQ-u1wEy0bysVFlrB-cQg,PT1M20S,confirmed_music,music_channel,
うまぴょい伝説 (TAKU INOUE Remix),Special Week (CV: Azumi Waki) - Topic,2026-07-22 14:47:06+00:00,https://www.youtube.com/watch?v=7fuMVqNxLzU,7fuMVqNxLzU,UCStIhfpVl97S1jIwZmj_zYg,PT3M45S,confirmed_music,music_channel,
うまぴょい伝説 (Sasuke Haraguchi Remix),Special Week (CV: Azumi Waki) - Topic,2026-07-22 14:47:14+00:00,https://www.youtube.com/watch?v=YHeBOTt_flE,YHeBOTt_flE,UCStIhfpVl97S1jIwZmj_zYg,PT4M15S,confirmed_music,music_channel,
Umapyoi Densetsu (Bossa Nova Ver.),MachiChunky - Topic,2026-07-23 00:49:27+00:00,https://www.youtube.com/watch?v=lzSAkJDb5oY,lzSAkJDb5oY,UC8j9_peTc12k9KzP2OVNNFg,PT2M41S,confirmed_music,music_channel,
[Uma Musume] Umapyoi Legend (Bubblyland 80's Mix),InstrUmantal,2026-07-23 00:49:36+00:00,https://www.youtube.com/watch?v=Jn-zfZPmTmo,Jn-zfZPmTmo,UCpOqdA6_pFmEM-xA4cKBmqQ,PT3M36S,probable_music,youtube_music_category_only,
"[Uma Musume] Umapyoi Legend (Bubblyland, Techno Mix)",InstrUmantal,2026-07-23 00:49:39+00:00,https://www.youtube.com/watch?v=--w2GrVlfJs,--w2GrVlfJs,UCpOqdA6_pFmEM-xA4cKBmqQ,PT2M46S,probable_music,youtube_music_category_only,
"[Uma Musume] Umapyoi Legend (Instrumental, Distant)",InstrUmantal,2026-07-23 00:49:41+00:00,https://www.youtube.com/watch?v=vjPYhw_D-Yc,vjPYhw_D-Yc,UCpOqdA6_pFmEM-xA4cKBmqQ,PT4M7S,confirmed_music,strong_music_title,"['instrumental', 'instrumental']"
"[Uma Musume] Umapyoi Legend (Instrumental, Fanfare)",InstrUmantal,2026-07-23 00:49:46+00:00,https://www.youtube.com/watch?v=SK7-vOVmdaI,SK7-vOVmdaI,UCpOqdA6_pFmEM-xA4cKBmqQ,PT2M14S,confirmed_music,strong_music_title,"['instrumental', 'instrumental']"
"[Uma Musume] Umapyoi Legend (Instrumental, Soft Orchestral Version)",InstrUmantal,2026-07-23 00:49:49+00:00,https://www.youtube.com/watch?v=nReBm8xVwBU,nReBm8xVwBU,UCpOqdA6_pFmEM-xA4cKBmqQ,PT1M32S,confirmed_music,strong_music_title,"['instrumental', 'instrumental']"
"[Uma Musume] Umapyoi Legend (Instrumental, Enhance Screen)",InstrUmantal,2026-07-23 00:49:52+00:00,https://www.youtube.com/watch?v=a5qL3ThxANg,a5qL3ThxANg,UCpOqdA6_pFmEM-xA4cKBmqQ,PT1M30S,confirmed_music,strong_music_title,"['instrumental', 'instrumental']"
[Uma Musume] Umapyoi Legend (Reminiscent),InstrUmantal,2026-07-23 00:50:07+00:00,https://www.youtube.com/watch?v=zu-0y9y9S2E,zu-0y9y9S2E,UCpOqdA6_pFmEM-xA4cKBmqQ,PT3M,probable_music,youtube_music_category_only,
"[Uma Musume] GIRLS' LEGEND U (Instrumental, Rag Time)",InstrUmantal,2026-07-23 00:50:10+00:00,https://www.youtube.com/watch?v=dXAZDisoTbw,dXAZDisoTbw,UCpOqdA6_pFmEM-xA4cKBmqQ,PT3M5S,confirmed_music,strong_music_title,"['instrumental', 'instrumental']"
"[Uma Musume] GIRLS' LEGEND U (Tango, Distant)",InstrUmantal,2026-07-23 00:50:17+00:00,https://www.youtube.com/watch?v=lU7_APsxi_U,lU7_APsxi_U,UCpOqdA6_pFmEM-xA4cKBmqQ,PT2M39S,probable_music,youtube_music_category_only,
[Uma Musume] Run for Our Dream! (Barnyard),InstrUmantal,2026-07-23 00:50:22+00:00,https://www.youtube.com/watch?v=hBNxYWPBPvs,hBNxYWPBPvs,UCpOqdA6_pFmEM-xA4cKBmqQ,PT3M8S,probable_music,youtube_music_category_only,
"[Uma Musume] Umapyoi Legend (Instrumental, Uma Lord)",InstrUmantal,2026-07-23 00:50:31+00:00,https://www.youtube.com/watch?v=BdUpBthOPL0,BdUpBthOPL0,UCpOqdA6_pFmEM-xA4cKBmqQ,PT3M38S,confirmed_music,strong_music_title,"['instrumental', 'instrumental']"
"[Uma Musume] Umapyoi Legend (Instrumental, UmaQuest)",InstrUmantal,2026-07-23 00:50:39+00:00,https://www.youtube.com/watch?v=XYG6Vl96SIU,XYG6Vl96SIU,UCpOqdA6_pFmEM-xA4cKBmqQ,PT2M11S,confirmed_music,strong_music_title,"['instrumental', 'instrumental']"
"[Uma Musume] Make Debut! (Instrumental, Story Screen)",InstrUmantal,2026-07-23 00:50:44+00:00,https://www.youtube.com/watch?v=M-JAHkgOX0o,M-JAHkgOX0o,UCpOqdA6_pFmEM-xA4cKBmqQ,PT3M4S,confirmed_music,strong_music_title,"['instrumental', 'instrumental']"
"[Uma Musume] Make Debut! (Instrumental, Soft Orchestral Version)",InstrUmantal,2026-07-23 00:50:47+00:00,https://www.youtube.com/watch?v=D6vvJBYdzWg,D6vvJBYdzWg,UCpOqdA6_pFmEM-xA4cKBmqQ,PT4M3S,confirmed_music,strong_music_title,"['instrumental', 'instrumental']"
うまぴょい伝説,Tokai Teio (CV: Machico) - Topic,2026-07-23 00:51:56+00:00,https://www.youtube.com/watch?v=77UhCrYksGE,77UhCrYksGE,UC7Vz3bT7LxjlivNcN0dmfBA,PT4M30S,confirmed_music,music_channel,
ヒカリ射し、芽吹くとき！,Release - Topic,2026-07-23 00:55:05+00:00,https://www.youtube.com/watch?v=Q9fbf0lWlvM,Q9fbf0lWlvM,UCbCEcUA9cpdyaClj181WTrw,PT1M18S,confirmed_music,distributed_music_release,
The Twinkle Legends ジュニア級 クラシック級,Release - Topic,2026-07-23 00:55:11+00:00,https://www.youtube.com/watch?v=0bmqGT4rafQ,0bmqGT4rafQ,UCbCEcUA9cpdyaClj181WTrw,PT2M48S,confirmed_music,distributed_music_release,
O-Light-O,Release - Topic,2026-07-23 00:55:18+00:00,https://www.youtube.com/watch?v=vHkgR6YzXbs,vHkgR6YzXbs,UCgtRKNbsLxPIgyBYPGeq4KQ,PT3M25S,confirmed_music,distributed_music_release,
想いを背負うウマ娘,Release - Topic,2026-07-23 00:57:29+00:00,https://www.youtube.com/watch?v=NEY0l5F7lwg,NEY0l5F7lwg,UCbieeA7btxl6IhitKiD50-g,PT5M19S,confirmed_music,distributed_music_release,
スカウトレース ファンファーレ,Release - Topic,2026-07-23 00:57:32+00:00,https://www.youtube.com/watch?v=-MXvnJM7dXc,-MXvnJM7dXc,UCbieeA7btxl6IhitKiD50-g,PT23S,confirmed_music,distributed_music_release,
レース結果 -着外-,Kenta Higashiohji - Topic,2026-07-23 00:57:39+00:00,https://www.youtube.com/watch?v=6bo7cXNdwEQ,6bo7cXNdwEQ,UCeryybIzZKFgP1-LruhE-KA,PT1M4S,confirmed_music,music_channel,
レース結果 -1着-,Kenta Higashiohji - Topic,2026-07-23 00:57:42+00:00,https://www.youtube.com/watch?v=TTLfCmGHins,TTLfCmGHins,UCeryybIzZKFgP1-LruhE-KA,PT1M3S,confirmed_music,music_channel,
ソワレ・ド・エトワーレ,Release - Topic,2026-07-23 00:57:45+00:00,https://www.youtube.com/watch?v=_TOvVKXvOKE,_TOvVKXvOKE,UCbieeA7btxl6IhitKiD50-g,PT38S,confirmed_music,distributed_music_release,
トレセン学園応援団,Release - Topic,2026-07-23 00:57:48+00:00,https://www.youtube.com/watch?v=2Qk68RfoOiw,2Qk68RfoOiw,UCbieeA7btxl6IhitKiD50-g,PT2M23S,confirmed_music,distributed_music_release,
ユメヲカケル！ -トレセン学園応援団 Ver-,Release - Topic,2026-07-23 00:57:52+00:00,https://www.youtube.com/watch?v=zWzx6Hrym4Q,zWzx6Hrym4Q,UCbieeA7btxl6IhitKiD50-g,PT2M55S,confirmed_music,distributed_music_release,
Hue hue hue,AtariX,2026-07-23 03:12:58+00:00,https://www.youtube.com/watch?v=WhvO31L1GUQ,WhvO31L1GUQ,UChBIx2gHW3l4sJ_wbUumkwA,PT35S,probable_music,youtube_music_category_only,
Imagine Dragons - Bones (Official Music Video),ImagineDragonsVEVO,2026-07-23 04:07:44+00:00,https://www.youtube.com/watch?v=TO-_3tck2tg,TO-_3tck2tg,UCpx_k19S2vUutWUUM9qmXEg,PT2M46S,confirmed_music,music_channel,
Hue,AtariX,2026-07-24 14:29:59+00:00,https://www.youtube.com/watch?v=rawyT5obBaE,rawyT5obBaE,UChBIx2gHW3l4sJ_wbUumkwA,PT17S,probable_music,youtube_music_category_only,
QINGYI x JANE DOE x ELLEN JOE x BURNICE x NICOLE - BLA BLA [ZZZ / Zenless Zone Zero MMD ]#ZZZ #mmd,V I P E R (MMD),2026-07-24 14:53:24+00:00,https://www.youtube.com/watch?v=-0sZIIS2iCA,-0sZIIS2iCA,UCQiUzjelaGSz3q6K5Xyklqw,PT57S,confirmed_music,music_channel,
Prison Labor - Persona 5 Royal OST [Extended],Pollux,2026-07-24 18:23:54+00:00,https://www.youtube.com/watch?v=1ErqYeya-8w,1ErqYeya-8w,UCC6RWdwWxZHqnW6mOpUZJZg,PT2H1M51S,confirmed_music,music_channel,
Imagine Dragons - Take Me To The Beach (feat. Ado) (Official Lyric Video),ImagineDragonsVEVO,2026-07-24 18:37:35+00:00,https://www.youtube.com/watch?v=5Duje_sZko8,5Duje_sZko8,UCpx_k19S2vUutWUUM9qmXEg,PT2M48S,confirmed_music,music_channel,
GIRLS' LEGEND U – Wind Band/Symphonic Arrangement by OAT SAN,OAT SAN,2026-07-25 01:10:37+00:00,https://www.youtube.com/watch?v=nBYphMCWfBI,nBYphMCWfBI,UCWJvfd3Tdad2Xv-cJfM_Wyw,PT5M9S,confirmed_music,music_channel,
リーグオブヒーローズ ‐英雄たちの祭典‐,Release - Topic,2026-07-25 02:52:42+00:00,https://www.youtube.com/watch?v=lyZvllJP2Ds,lyZvllJP2Ds,UCQ4Nst9x2q4gZ3x9OHt4jTA,PT15S,confirmed_music,distributed_music_release,
開幕！リーグオブヒーローズ,Release - Topic,2026-07-25 02:52:45+00:00,https://www.youtube.com/watch?v=skg-SoA_4GU,skg-SoA_4GU,UCQ4Nst9x2q4gZ3x9OHt4jTA,PT1M26S,confirmed_music,distributed_music_release,
リーグオブヒーローズ メインステージ,Release - Topic,2026-07-25 02:52:46+00:00,https://www.youtube.com/watch?v=wFU2r4Ur6Io,wFU2r4Ur6Io,UCQ4Nst9x2q4gZ3x9OHt4jTA,PT2M49S,confirmed_music,distributed_music_release,
まわれまわれ My Days,Rina Tayama - Topic,2026-07-25 02:52:51+00:00,https://www.youtube.com/watch?v=4bborxnoZBs,4bborxnoZBs,UCEnnUAneBs3iRiFRyWyfxBg,PT4M1S,confirmed_music,music_channel,
ユメヲ×パティシエ！,Rina Tayama - Topic,2026-07-25 02:52:55+00:00,https://www.youtube.com/watch?v=cCD8K3m6tm8,cCD8K3m6tm8,UCEnnUAneBs3iRiFRyWyfxBg,PT2M49S,confirmed_music,music_channel,
なってやるよ,Release - Topic,2026-07-25 02:53:10+00:00,https://www.youtube.com/watch?v=kPEteYmIofI,kPEteYmIofI,UCQ4Nst9x2q4gZ3x9OHt4jTA,PT2M22S,confirmed_music,distributed_music_release,
されば君、かなし,Release - Topic,2026-07-25 02:53:19+00:00,https://www.youtube.com/watch?v=gkSCbDfEWCA,gkSCbDfEWCA,UCQ4Nst9x2q4gZ3x9OHt4jTA,PT3M21S,confirmed_music,distributed_music_release,
プロジェクトL'Arc シニア級,Release - Topic,2026-07-25 02:53:25+00:00,https://www.youtube.com/watch?v=k3MJNlqvq6w,k3MJNlqvq6w,UCQ4Nst9x2q4gZ3x9OHt4jTA,PT2M52S,confirmed_music,distributed_music_release,
U.A.F. Ready GO! シニア級,Release - Topic,2026-07-25 02:53:36+00:00,https://www.youtube.com/watch?v=rpq_jWI-i1k,rpq_jWI-i1k,UCQ4Nst9x2q4gZ3x9OHt4jTA,PT3M40S,confirmed_music,distributed_music_release,
ユメヲカケル！ -トレセン学園応援団 Ver-,Release - Topic,2026-07-25 02:53:51+00:00,https://www.youtube.com/watch?v=zWzx6Hrym4Q,zWzx6Hrym4Q,UCbieeA7btxl6IhitKiD50-g,PT2M55S,confirmed_music,distributed_music_release,
Make a new track!! ジュニア級 クラシック級,Release - Topic,2026-07-25 02:54:21+00:00,https://www.youtube.com/watch?v=w6QWLY47TvU,w6QWLY47TvU,UCMSLsPmUZwCDRksinMgc5ZA,PT3M6S,confirmed_music,distributed_music_release,
Make a new track!!～クライマックス開幕～,Rina Tayama - Topic,2026-07-25 02:54:24+00:00,https://www.youtube.com/watch?v=jdXOcRk0G1U,jdXOcRk0G1U,UCsRrRU9Ww4YvtfpbSZF-hXQ,PT2M25S,confirmed_music,music_channel,
Make a new track!! シニア級,Release - Topic,2026-07-25 02:54:27+00:00,https://www.youtube.com/watch?v=tB6O9MihsVg,tB6O9MihsVg,UCMSLsPmUZwCDRksinMgc5ZA,PT2M48S,confirmed_music,distributed_music_release,
Ms. VICTORIA,Tokai Teio (CV: Machico) - Topic,2026-07-25 04:01:00+00:00,https://www.youtube.com/watch?v=vsnyQd6Ur-M,vsnyQd6Ur-M,UC7Vz3bT7LxjlivNcN0dmfBA,PT4M48S,confirmed_music,music_channel,
Imagine Dragons - Bones (Official Lyric Video),ImagineDragonsVEVO,2026-07-25 20:58:25+00:00,https://www.youtube.com/watch?v=DYed5whEf4g,DYed5whEf4g,UCpx_k19S2vUutWUUM9qmXEg,PT2M46S,confirmed_music,music_channel,
Imagine Dragons - Take Me To The Beach (feat. Ado) (Official Lyric Video),ImagineDragonsVEVO,2026-07-25 21:01:11+00:00,https://www.youtube.com/watch?v=5Duje_sZko8,5Duje_sZko8,UCpx_k19S2vUutWUUM9qmXEg,PT2M48S,confirmed_music,music_channel,
"Blackbear - ""Idfc"" (Acoustic) OFFICIAL VERSION",StrictlyHits,2026-07-25 21:03:55+00:00,https://www.youtube.com/watch?v=-N89TPQdX2o,-N89TPQdX2o,UCvTLh2gYXW3P6UzT1W9kegw,PT3M31S,confirmed_music,music_channel,
Imagine Dragons - Bones (Official Music Video),ImagineDragonsVEVO,2026-07-25 21:12:23+00:00,https://www.youtube.com/watch?v=TO-_3tck2tg,TO-_3tck2tg,UCpx_k19S2vUutWUUM9qmXEg,PT2M46S,confirmed_music,music_channel,
トレセン音頭 -下剋上 Ver-,Release - Topic,2026-07-25 21:47:44+00:00,https://www.youtube.com/watch?v=RlDZgZvIQ5U,RlDZgZvIQ5U,UCQ4Nst9x2q4gZ3x9OHt4jTA,PT2M46S,confirmed_music,distributed_music_release,
"Yuki Hayashi - Out of the Way, Small Fry",Setsuna「セツナ」,2026-07-25 21:50:30+00:00,https://www.youtube.com/watch?v=GWuKHjB2LlQ,GWuKHjB2LlQ,UCmiBynj5XGZK4Au2WP3-yvQ,PT3M33S,confirmed_music,music_channel,
Umapyoi Celebrity,Release - Topic,2026-07-25 21:50:44+00:00,https://www.youtube.com/watch?v=RQvTU0b386E,RQvTU0b386E,UCQ4Nst9x2q4gZ3x9OHt4jTA,PT2M35S,confirmed_music,distributed_music_release,
【ウマ娘】トレセン音頭 | Full Ver.【パート分け/歌詞/lyrics】,Nekoha_xD,2026-07-25 21:51:38+00:00,https://www.youtube.com/watch?v=AkU3RlC-dTI,AkU3RlC-dTI,UCbh3AFgeZX_zasOsjBn6Vhw,PT2M53S,confirmed_music,music_channel,
I'm a chud song (Kasane Teto Cover),KyuKai,2026-07-26 00:34:52+00:00,https://www.youtube.com/watch?v=NAcD7ajSaL4,NAcD7ajSaL4,UCnEZJ1s0BTP7fk6Owo-WlUw,PT1M16S,confirmed_music,music_channel,
Coldplay – Viva La Vida Loop on Cat Piano ($1000 request),Tedesco Archive,2026-07-26 00:37:51+00:00,https://www.youtube.com/watch?v=0u1uv9tpXTQ,0u1uv9tpXTQ,UCAUodh9kSpSS17M73Co5wXQ,PT16M9S,confirmed_music,music_channel,
Imagine Dragons - Bones (Official Lyric Video),ImagineDragonsVEVO,2026-07-26 00:45:14+00:00,https://www.youtube.com/watch?v=DYed5whEf4g,DYed5whEf4g,UCpx_k19S2vUutWUUM9qmXEg,PT2M46S,confirmed_music,music_channel,
Ms. VICTORIA,Tokai Teio (CV: Machico) - Topic,2026-07-26 04:39:13+00:00,https://www.youtube.com/watch?v=vsnyQd6Ur-M,vsnyQd6Ur-M,UC7Vz3bT7LxjlivNcN0dmfBA,PT4M48S,confirmed_music,music_channel,
トレセン音頭 -下剋上 Ver-,Release - Topic,2026-07-26 21:49:13+00:00,https://www.youtube.com/watch?v=RlDZgZvIQ5U,RlDZgZvIQ5U,UCQ4Nst9x2q4gZ3x9OHt4jTA,PT2M46S,confirmed_music,distributed_music_release,
Umapyoi Celebrity,Release - Topic,2026-07-26 22:52:03+00:00,https://www.youtube.com/watch?v=RQvTU0b386E,RQvTU0b386E,UCQ4Nst9x2q4gZ3x9OHt4jTA,PT2M35S,confirmed_music,distributed_music_release,
"Nightcore → Ai Đưa Em Về (Take me back, back home) - That Low Cortisol Song!",Sen,2026-07-27 04:24:52+00:00,https://www.youtube.com/watch?v=7U1pzXghvpg,7U1pzXghvpg,UCiOPAnYULQ0P97xmPDB5Zrw,PT2M35S,confirmed_music,music_channel,
Nightcore - Legends Never Die / NMV,Sen,2026-07-27 04:26:12+00:00,https://www.youtube.com/watch?v=q7v5cUpayuU,q7v5cUpayuU,UCiOPAnYULQ0P97xmPDB5Zrw,PT3M32S,confirmed_music,music_channel,
See Tình x Ai Đưa Em Về (Switching Vocals) / Nightcore,Sen,2026-07-27 04:26:34+00:00,https://www.youtube.com/watch?v=lVFvMCRU-2A,lVFvMCRU-2A,UCiOPAnYULQ0P97xmPDB5Zrw,PT4M27S,confirmed_music,music_channel,
Nightcore / Sped Up → Ai Đưa Em Về (Rock Version/Cover),Sen,2026-07-27 04:26:39+00:00,https://www.youtube.com/watch?v=mgDiwGWu9vA,mgDiwGWu9vA,UCiOPAnYULQ0P97xmPDB5Zrw,PT3M35S,confirmed_music,music_channel,
Warframe OST - The Sacrifice - To Take Its Pain Away (Smiles From Juran),Talon,2026-07-27 05:00:05+00:00,https://www.youtube.com/watch?v=I0KfieEkIJo,I0KfieEkIJo,UC7Li4QnEfa5W5l2PTBegXSg,PT2M9S,probable_music,weak_music_title,['ost']
This convinces me that Ado’s just Bocchi but singer,AkaneMikkyo,2026-07-27 16:07:31+00:00,https://www.youtube.com/watch?v=DtT-BM6umI0,DtT-BM6umI0,UCRaFvWnrMRHBtGYveWyIlGg,PT47S,confirmed_music,music_channel,
This Is What You Are,Keith Power - Topic,2026-07-27 22:02:28+00:00,https://www.youtube.com/watch?v=FEiTgU-hM5k,FEiTgU-hM5k,UCm-7mqcQi6y-DEJAE0lOcyA,PT6M15S,confirmed_music,music_channel,
harikitte ikou,bluejob01,2026-07-27 23:45:49+00:00,https://www.youtube.com/watch?v=AXRy19RsY6U,AXRy19RsY6U,UCJzGuKQ_kKOEydKvokUPhrQ,PT10S,confirmed_music,music_channel,
Donut Hole (ドーナツホール) | Moonbase Alpha Cover |【DECtalk Paul VCV】【UTAUカバー】,Arbitraire Turvy,2026-07-28 05:57:28+00:00,https://www.youtube.com/watch?v=qtZEnCPntPA,qtZEnCPntPA,UCVTtOiB2m5SvNnxBIwhsUTg,PT3M39S,confirmed_music,music_channel,
天球、彗星は夜を跨いで / 星街すいせい(official),Suisei Channel,2026-07-28 06:05:07+00:00,https://www.youtube.com/watch?v=zLak0dxBKpM,zLak0dxBKpM,UC5CwaMl1eIgY8h02uZw7u8A,PT4M19S,confirmed_music,music_channel,
稲葉曇『ロストアンブレラ』Vo. 歌愛ユキ,稲葉曇,2026-07-28 06:09:21+00:00,https://www.youtube.com/watch?v=DeKLpgzh-qQ,DeKLpgzh-qQ,UCNElM45JypxqAR73RoUQ10g,PT3M23S,confirmed_music,music_channel,
Lagtrain (ラグトレイン) | Moonbase Alpha Cover |【DECtalk Paul VCV】【UTAUカバー】,Arbitraire Turvy,2026-07-28 06:12:44+00:00,https://www.youtube.com/watch?v=nLqouKvVtH4,nLqouKvVtH4,UCVTtOiB2m5SvNnxBIwhsUTg,PT4M14S,confirmed_music,music_channel,
Deep Indigo -piano and drums arrange- ♡ English Cover【rachie】藍二乗,rachie 🎀💌,2026-07-28 06:17:38+00:00,https://www.youtube.com/watch?v=YAUZQO3Wfp4,YAUZQO3Wfp4,UCRbsmnDTHD9-4pEIuG7zYRw,PT4M32S,confirmed_music,music_channel,
【和風アレンジ】ツユ - レインフォール cover-カバー-,ユウラギ,2026-07-28 06:21:40+00:00,https://www.youtube.com/watch?v=uBULSPoUFTw,uBULSPoUFTw,UC9t1VuILSnw_MVbE1LyHkCw,PT3M51S,confirmed_music,music_channel,
ヨルシカ - 八月、某、月明かり（OFFICIAL VIDEO）,ヨルシカ / n-buna Official,2026-07-28 06:25:31+00:00,https://www.youtube.com/watch?v=Vs5NViM8TSY,Vs5NViM8TSY,UCRIgIJQWuBJ0Cv_VlU3USNA,PT4M43S,confirmed_music,music_channel,
Idol (アイドル) | Moonbase Alpha Cover |【DECtalk Paul VCV】【UTAUカバー】-4.5K Subscriber Special!!!,Arbitraire Turvy,2026-07-28 06:31:28+00:00,https://www.youtube.com/watch?v=HoAB6JqL2hg,HoAB6JqL2hg,UCVTtOiB2m5SvNnxBIwhsUTg,PT3M34S,confirmed_music,music_channel,
Splatoon Cover - Idol (Full Version),DanFourts,2026-07-28 06:32:16+00:00,https://www.youtube.com/watch?v=BHsiFuf9N3A,BHsiFuf9N3A,UCQk2PYmZqdQxUuvyyRV-FCQ,PT3M38S,confirmed_music,music_channel,
YOASOBI「怪物」/スターアニマル (ときのそら・星街すいせい・大空スバル・尾丸ポルカ・博衣こより・沙花叉クロヱ) cover,Koyori ch. 博衣こより - holoX -,2026-07-28 06:44:14+00:00,https://www.youtube.com/watch?v=YFnkzhUyz18,YFnkzhUyz18,UC6eWCld0KwmyHFbAqK3V-Rw,PT3M27S,confirmed_music,music_channel,
H4R1K1TTE 1K0U! feat. Kitasan Black (Umamusume Type Beat),bloodredshoujo_,2026-07-28 06:50:14+00:00,https://www.youtube.com/watch?v=Acbg5URTEWo,Acbg5URTEWo,UCIhwAu_UJoqpF21kkOdkmeA,PT1M46S,confirmed_music,music_channel,
Umapyoi Celebrity,Release - Topic,2026-07-28 06:52:23+00:00,https://www.youtube.com/watch?v=RQvTU0b386E,RQvTU0b386E,UCQ4Nst9x2q4gZ3x9OHt4jTA,PT2M35S,confirmed_music,distributed_music_release,
僕が死のうと思ったのは (Covered by レヴィ・エリファ),レヴィ・エリファ-Levi Elipha-,2026-07-28 06:54:28+00:00,https://www.youtube.com/watch?v=sC_wOjOcRss,sC_wOjOcRss,UCtnO2N4kPTXmyvedjGWdx3Q,PT6M18S,probable_music,youtube_music_category_only,
灰色と青/常闇トワ×星街すいせい(cover),Towa Ch. 常闇トワ,2026-07-28 07:05:53+00:00,https://www.youtube.com/watch?v=0firv69LkgI,0firv69LkgI,UC1uv2Oq6kNxgATlCiez59hw,PT5M35S,confirmed_music,music_channel,
What You Wish For - Persona 5 Scramble: The Phantom Strikers,PSC,2026-07-28 07:06:41+00:00,https://www.youtube.com/watch?v=QK4MjRoE_1c,QK4MjRoE_1c,UCuggrgtogxwtSy1gaxlr4eg,PT5M49S,confirmed_music,music_channel,
Axe to Grind - Persona 5 Scramble: The Phantom Strikers,PSC,2026-07-28 07:06:49+00:00,https://www.youtube.com/watch?v=KWfm8uxn9ao,KWfm8uxn9ao,UCuggrgtogxwtSy1gaxlr4eg,PT5M56S,confirmed_music,music_channel,
ROAD LESS TAKEN,Yumi Kawamura - Topic,2026-07-28 07:10:39+00:00,https://www.youtube.com/watch?v=PThXcY3sSQA,PThXcY3sSQA,UCqoctl21rEkI4Zd_7x3ELHg,PT4M18S,confirmed_music,music_channel,
Imagine Dragons - Take Me To The Beach (feat. Ado) (Official Lyric Video),ImagineDragonsVEVO,2026-07-28 07:14:57+00:00,https://www.youtube.com/watch?v=5Duje_sZko8,5Duje_sZko8,UCpx_k19S2vUutWUUM9qmXEg,PT2M48S,confirmed_music,music_channel,
Rivers In the Desert,Lyn - Topic,2026-07-28 07:17:40+00:00,https://www.youtube.com/watch?v=lvuHvXsZPrk,lvuHvXsZPrk,UCJDvRiWvolEhRLPAVoOzGTA,PT5M16S,confirmed_music,music_channel,
Heaven,Shihoko Hirata - Topic,2026-07-28 07:22:56+00:00,https://www.youtube.com/watch?v=0d9Oqm0Dt60,0d9Oqm0Dt60,UCM6d81fSoNru8U5YNxKwYyQ,PT3M,confirmed_music,music_channel,
Persona 3 Portable: A Way of Life,RevolverJesusP3,2026-07-28 07:25:56+00:00,https://www.youtube.com/watch?v=Fd6MW-XhO5I,Fd6MW-XhO5I,UCSNdXOyB6DK5MvirPqb7wpQ,PT2M21S,confirmed_music,music_channel,
Signs Of Love,Shihoko Hirata - Topic,2026-07-28 07:28:17+00:00,https://www.youtube.com/watch?v=tTu-Uhlu4RU,tTu-Uhlu4RU,UCM6d81fSoNru8U5YNxKwYyQ,PT3M1S,confirmed_music,music_channel,
Your Affection,Shihoko Hirata - Topic,2026-07-28 07:31:18+00:00,https://www.youtube.com/watch?v=YfP1gGsfIjk,YfP1gGsfIjk,UCM6d81fSoNru8U5YNxKwYyQ,PT2M53S,confirmed_music,music_channel,
Prison Labor - Persona 5 The Royal,PSC,2026-07-28 07:32:02+00:00,https://www.youtube.com/watch?v=RN-3vv8asSs,RN-3vv8asSs,UCuggrgtogxwtSy1gaxlr4eg,PT5M35S,confirmed_music,music_channel,
Prison Labor - Persona 5 Royal OST [Extended],Pollux,2026-07-28 07:33:28+00:00,https://www.youtube.com/watch?v=1ErqYeya-8w,1ErqYeya-8w,UCC6RWdwWxZHqnW6mOpUZJZg,PT2H1M51S,confirmed_music,music_channel,
Ms. VICTORIA,Tokai Teio (CV: Machico) - Topic,2026-07-28 09:29:17+00:00,https://www.youtube.com/watch?v=vsnyQd6Ur-M,vsnyQd6Ur-M,UC7Vz3bT7LxjlivNcN0dmfBA,PT4M48S,confirmed_music,music_channel,
Nightcore / Sped Up → Ai Đưa Em Về (Rock Version/Cover),Sen,2026-07-28 10:08:44+00:00,https://www.youtube.com/watch?v=mgDiwGWu9vA,mgDiwGWu9vA,UCiOPAnYULQ0P97xmPDB5Zrw,PT3M35S,confirmed_music,music_channel,
It's Going Down Now,Azumi Takahashi - Topic,2026-07-28 23:53:38+00:00,https://www.youtube.com/watch?v=2KuWjZD6PBA,2KuWjZD6PBA,UCPvaDaeCvULM4x1HOAwBcOw,PT3M7S,confirmed_music,music_channel,
Ms. VICTORIA,Tokai Teio (CV: Machico) - Topic,2026-07-29 00:12:29+00:00,https://www.youtube.com/watch?v=vsnyQd6Ur-M,vsnyQd6Ur-M,UC7Vz3bT7LxjlivNcN0dmfBA,PT4M48S,confirmed_music,music_channel,
YOASOBI「たぶん」Official Music  Video,YOASOBI,2026-07-29 00:36:42+00:00,https://www.youtube.com/watch?v=8iuLXODzL04,8iuLXODzL04,UCvpredjG93ifbCP1Y77JyFA,PT4M24S,confirmed_music,music_channel,
YOASOBI「ハルジオン」Official Music Video,YOASOBI,2026-07-29 00:37:16+00:00,https://www.youtube.com/watch?v=kzdJkT4kp-A,kzdJkT4kp-A,UCvpredjG93ifbCP1Y77JyFA,PT3M23S,confirmed_music,music_channel,
【YOASOBI🌷】全有名曲メドレー ｜Study with me｜Work with me｜リラックスタイム｜安眠・癒し・作業用BGM｜勉強用BGM｜AnnieChan_playlist ⑤,Anniechan_Channel,2026-07-29 00:38:11+00:00,https://www.youtube.com/watch?v=k7FPllNig3o,k7FPllNig3o,UCYNACsAZIhjeemMOZ6U434g,PT1H24M31S,confirmed_music,music_channel,
ADO MINECRAFT CORE,AkaneMikkyo,2026-07-29 03:11:33+00:00,https://www.youtube.com/watch?v=LY0p6VmRXbs,LY0p6VmRXbs,UCRaFvWnrMRHBtGYveWyIlGg,PT48S,confirmed_music,music_channel,
トレセン音頭 -雅 Ver-,Shingo Nishimura - Topic,2026-07-29 16:07:51+00:00,https://www.youtube.com/watch?v=VVQ9nSE6dtU,VVQ9nSE6dtU,UCM-IBmvLsg3wnkMF3eIe2KQ,PT2M21S,confirmed_music,music_channel,
トレセン音頭 -ぐだぐだ Ver-,Release - Topic,2026-07-29 16:08:11+00:00,https://www.youtube.com/watch?v=q9DGBa8CFgQ,q9DGBa8CFgQ,UCQ4Nst9x2q4gZ3x9OHt4jTA,PT2M19S,confirmed_music,distributed_music_release,
Make a new track!! シニア級,Release - Topic,2026-07-29 16:08:26+00:00,https://www.youtube.com/watch?v=tB6O9MihsVg,tB6O9MihsVg,UCMSLsPmUZwCDRksinMgc5ZA,PT2M48S,confirmed_music,distributed_music_release,
Stranger Than Heaven,Pageless - Topic,2026-07-29 17:28:37+00:00,https://www.youtube.com/watch?v=1RmxKYS33kU,1RmxKYS33kU,UCNvq8g2EnFPNrjbDVlyyQrw,PT3M52S,confirmed_music,music_channel,
【Kasane Teto SV2】STRANGER THAN HEAVEN (Unofficial Cover),tian nya,2026-07-29 17:29:30+00:00,https://www.youtube.com/watch?v=kdYEUqOjLQw,kdYEUqOjLQw,UCpMAZbus-sWXC5PKXO7OTaw,PT3M53S,confirmed_music,strong_music_title,['cover']
"【龍が如くスタジオ】STRANGER THAN HEAVENを熱演する鳩に釘付けになる人々!! 【Ado,藤原聡(Official髭男dism),Tori Kelly,Snoop Dogg】",鳩ピアノ / Pigeon piano,2026-07-29 18:32:49+00:00,https://www.youtube.com/watch?v=tozeY-IA6Wo,tozeY-IA6Wo,UCwDRd884RhkS1kqm-K-PXjQ,PT4M6S,confirmed_music,music_channel,
Metal Gear Rising: Revengeance OST - A Stranger I Remain Extended,Crimson,2026-07-29 18:56:43+00:00,https://www.youtube.com/watch?v=h-rj8HVW3PQ,h-rj8HVW3PQ,UCuxYpDWtMI0u06_VAbgcFZg,PT4M29S,confirmed_music,music_channel,
Imagine Dragons - Bones (Official Lyric Video),ImagineDragonsVEVO,2026-07-29 19:01:17+00:00,https://www.youtube.com/watch?v=DYed5whEf4g,DYed5whEf4g,UCpx_k19S2vUutWUUM9qmXEg,PT2M46S,confirmed_music,music_channel,
【ウマ娘】BLOW my GALE (パート分け/Color Coded/Lyrics)【Make a new track!!】,🐈Kogane Music,2026-07-29 19:06:34+00:00,https://www.youtube.com/watch?v=e_5ddaRuemY,e_5ddaRuemY,UCj1kPydcCE2roLSmWM1r5ag,PT5M16S,confirmed_music,music_channel,
Prison Labor - Persona 5 Royal OST [Extended],Pollux,2026-07-29 19:33:38+00:00,https://www.youtube.com/watch?v=1ErqYeya-8w,1ErqYeya-8w,UCC6RWdwWxZHqnW6mOpUZJZg,PT2H1M51S,confirmed_music,music_channel,
Nightcore / Sped Up → Ai Đưa Em Về (Rock Version/Cover),Sen,2026-07-29 21:23:52+00:00,https://www.youtube.com/watch?v=mgDiwGWu9vA,mgDiwGWu9vA,UCiOPAnYULQ0P97xmPDB5Zrw,PT3M35S,confirmed_music,music_channel,
Why Do I (with Hatsune Miku),Set It Off,2026-07-29 23:50:39+00:00,https://www.youtube.com/watch?v=HMFNXgu7L3Q,HMFNXgu7L3Q,UCB1bJqKXS3lpy8HdW0P1zrQ,PT2M36S,confirmed_music,music_channel,
1. 負けヒロインのテーマ Losing Heroine's Theme | Makeine: Too Many Losing Heroines! OST Vol. 1,papa shirogane,2026-07-30 13:42:48+00:00,https://www.youtube.com/watch?v=Nj07jGWpk80,Nj07jGWpk80,UC_n6y5bPePRVi1HoynDcG6g,PT1M50S,confirmed_music,music_channel,
2. 華色の青春 Flower-Colored Youth | Makeine: Too Many Losing Heroines! OST Vol. 1,papa shirogane,2026-07-30 13:42:54+00:00,https://www.youtube.com/watch?v=lvjL_V1bD7s,lvjL_V1bD7s,UC_n6y5bPePRVi1HoynDcG6g,PT2M26S,confirmed_music,music_channel,
3. いつかの記憶 Memories of Someday | Makeine: Too Many Losing Heroines! OST Vol. 1,papa shirogane,2026-07-30 13:42:56+00:00,https://www.youtube.com/watch?v=LkKEooQ6sUc,LkKEooQ6sUc,UC_n6y5bPePRVi1HoynDcG6g,PT2M10S,confirmed_music,music_channel,
Seisyunbutayaro,fox capture plan - Topic,2026-07-30 13:43:14+00:00,https://www.youtube.com/watch?v=cwVbu-Yc7a8,cwVbu-Yc7a8,UCZUpjt5qp-UEwIeKl38ZMyg,PT2M58S,confirmed_music,music_channel,
Warframe OST - The Sacrifice - To Take Its Pain Away (Smiles From Juran),Talon,2026-07-30 15:37:31+00:00,https://www.youtube.com/watch?v=I0KfieEkIJo,I0KfieEkIJo,UC7Li4QnEfa5W5l2PTBegXSg,PT2M9S,probable_music,weak_music_title,['ost']
Prison Labor - Persona 5 Royal OST [Extended],Pollux,2026-07-31 20:48:59+00:00,https://www.youtube.com/watch?v=1ErqYeya-8w,1ErqYeya-8w,UCC6RWdwWxZHqnW6mOpUZJZg,PT2H1M51S,confirmed_music,music_channel,
Midnight Grand Orchestra『Moonlightspeed 』Music Video,Midnight Grand Orchestra,2026-08-01 10:47:44+00:00,https://www.youtube.com/watch?v=NI8KqzCvFsc,NI8KqzCvFsc,UCnVbtCwr-5LXxUlGxsgD7sQ,PT3M25S,confirmed_music,music_channel,
「3時12分 / TAKU INOUE & 星街すいせい」MUSIC VIDEO,TAKU INOUE,2026-08-01 10:54:27+00:00,https://www.youtube.com/watch?v=LYFciXBcXIQ,LYFciXBcXIQ,UCICy3BC4CIU2OXa7VGoektw,PT3M13S,confirmed_music,music_channel,
Ghost City Tokyo ♡ English Cover【rachie】幽霊東京,rachie 🎀💌,2026-08-01 11:00:15+00:00,https://www.youtube.com/watch?v=Kxcfxo5IMYk,Kxcfxo5IMYk,UCRbsmnDTHD9-4pEIuG7zYRw,PT4M4S,confirmed_music,music_channel,
Overdose - Kobo Kanaeru (Cover),Kobo Kanaeru Ch. hololive-ID,2026-08-01 11:05:13+00:00,https://www.youtube.com/watch?v=iiw9Z1I1AcE,iiw9Z1I1AcE,UCjLEmnpCNeisMxy134KPwWw,PT3M14S,confirmed_music,strong_music_title,['cover']
Persona 3 Portable: A Way of Life,RevolverJesusP3,2026-08-01 11:11:18+00:00,https://www.youtube.com/watch?v=Fd6MW-XhO5I,Fd6MW-XhO5I,UCSNdXOyB6DK5MvirPqb7wpQ,PT2M21S,confirmed_music,music_channel,
A WAY OF LIFE (Cover)「Persona 3 Portable」/ ver.jen,jen,2026-08-01 11:12:27+00:00,https://www.youtube.com/watch?v=OoeE165hQdQ,OoeE165hQdQ,UCjQSQVa1-OgDmp4ypfdRbWQ,PT2M13S,confirmed_music,music_channel,
いじめっ子Bully （Lofi Ver.）,Mori Calliope - Topic,2026-08-01 11:14:40+00:00,https://www.youtube.com/watch?v=KqM7Fi_tIlI,KqM7Fi_tIlI,UCT6fzkIIQuAQIiJK3tt-keg,PT5M34S,confirmed_music,music_channel,
"夕凪、某、花惑い - ヨルシカ （Yuunagi, Bou, Hana Madoi - Yorushika）/ 【月-Tsuki- COVER】",月-Tsuki-,2026-08-01 11:25:00+00:00,https://www.youtube.com/watch?v=tvaWBHvTCyo,tvaWBHvTCyo,UC368BL46Vr1Y2ZbyWXY-ebw,PT3M35S,confirmed_music,music_channel,
"Yorushika - Evening Calm, Somewhere, Fireworks (夕凪、某、花惑い) (Lyrics/Kan/Rom/Eng)",Jett Pil,2026-08-01 11:25:18+00:00,https://www.youtube.com/watch?v=Tu2T88BWYB0,Tu2T88BWYB0,UCD6_wf0F0v6jXLvXzJPakiQ,PT3M19S,confirmed_music,music_channel,
【和風アレンジ】ツユ - レインフォール cover-カバー-,ユウラギ,2026-08-01 11:28:37+00:00,https://www.youtube.com/watch?v=uBULSPoUFTw,uBULSPoUFTw,UC9t1VuILSnw_MVbE1LyHkCw,PT3M51S,confirmed_music,music_channel,
Ms. VICTORIA,Tokai Teio (CV: Machico) - Topic,2026-08-01 11:36:24+00:00,https://www.youtube.com/watch?v=vsnyQd6Ur-M,vsnyQd6Ur-M,UC7Vz3bT7LxjlivNcN0dmfBA,PT4M48S,confirmed_music,music_channel,
【ウマ娘】BLOW my GALE (パート分け/Color Coded/Lyrics)【Make a new track!!】,🐈Kogane Music,2026-08-01 11:44:30+00:00,https://www.youtube.com/watch?v=e_5ddaRuemY,e_5ddaRuemY,UCj1kPydcCE2roLSmWM1r5ag,PT5M16S,confirmed_music,music_channel,
YOASOBI「怪物」/スターアニマル (ときのそら・星街すいせい・大空スバル・尾丸ポルカ・博衣こより・沙花叉クロヱ) cover,Koyori ch. 博衣こより - holoX -,2026-08-01 11:44:35+00:00,https://www.youtube.com/watch?v=YFnkzhUyz18,YFnkzhUyz18,UC6eWCld0KwmyHFbAqK3V-Rw,PT3M27S,confirmed_music,music_channel,
【ウマ娘】GIRLS' LEGEND U (Game Size)【暫定版】 (パート分け/Color Coded/Lyrics)【ゲーム版ウマ娘メインテーマ】,🐈Kogane Music,2026-08-01 11:50:32+00:00,https://www.youtube.com/watch?v=9A6sxQdwImI,9A6sxQdwImI,UCj1kPydcCE2roLSmWM1r5ag,PT3M18S,confirmed_music,music_channel,
Splatoon Cover - Idol (Full Version),DanFourts,2026-08-01 11:52:55+00:00,https://www.youtube.com/watch?v=BHsiFuf9N3A,BHsiFuf9N3A,UCQk2PYmZqdQxUuvyyRV-FCQ,PT3M38S,confirmed_music,music_channel,
めにしゅき♡ラッシュっしゅ！,Release - Topic,2026-08-01 12:03:36+00:00,https://www.youtube.com/watch?v=8ULbYqRtlMQ,8ULbYqRtlMQ,UCUAFUdeaEUeDCkAJMc4cT5Q,PT3M58S,confirmed_music,distributed_music_release,
Why Do I (with Hatsune Miku),Set It Off,2026-08-01 12:07:30+00:00,https://www.youtube.com/watch?v=HMFNXgu7L3Q,HMFNXgu7L3Q,UCB1bJqKXS3lpy8HdW0P1zrQ,PT2M36S,confirmed_music,music_channel,
Yuki Hayashi - GBF (OpenTheFutureMix),Setsuna「セツナ」,2026-08-01 12:16:49+00:00,https://www.youtube.com/watch?v=7TmOZ08v6bg,7TmOZ08v6bg,UCmiBynj5XGZK4Au2WP3-yvQ,PT3M12S,confirmed_music,music_channel,
"Yuki Hayashi - Out of the Way, Small Fry",Setsuna「セツナ」,2026-08-01 12:20:01+00:00,https://www.youtube.com/watch?v=GWuKHjB2LlQ,GWuKHjB2LlQ,UCmiBynj5XGZK4Au2WP3-yvQ,PT3M33S,confirmed_music,music_channel,
Rivers In the Desert,Lyn - Topic,2026-08-01 12:23:35+00:00,https://www.youtube.com/watch?v=lvuHvXsZPrk,lvuHvXsZPrk,UCJDvRiWvolEhRLPAVoOzGTA,PT5M16S,confirmed_music,music_channel,
Flashbacker,kessoku band - Topic,2026-08-01 12:37:16+00:00,https://www.youtube.com/watch?v=ecVnw_SiREQ,ecVnw_SiREQ,UC6IhDHJbJUoRJGUPnlh5GRQ,PT4M36S,confirmed_music,music_channel,
I'm a chud song (Kasane Teto Cover),KyuKai,2026-08-02 02:29:00+00:00,https://www.youtube.com/watch?v=NAcD7ajSaL4,NAcD7ajSaL4,UCnEZJ1s0BTP7fk6Owo-WlUw,PT1M16S,confirmed_music,music_channel,
Play Again,Release - Topic,2026-08-02 08:21:28+00:00,https://www.youtube.com/watch?v=NegFY5seNi4,NegFY5seNi4,UC--abNb39n_KCTnuoB3nBHA,PT3M55S,confirmed_music,distributed_music_release,
戰鬥男孩,葉富生 - Topic,2026-08-02 16:53:26+00:00,https://www.youtube.com/watch?v=kEs9O4Cxkms,kEs9O4Cxkms,UCiLtG39gFZkOvbgj6kZhU_Q,PT3M34S,confirmed_music,music_channel,
トレセン音頭,Narita Brian (CV: Rika Kinugawa) - Topic,2026-08-02 17:07:16+00:00,https://www.youtube.com/watch?v=K2MLBGo_su8,K2MLBGo_su8,UCYCpcNz_a-MArbjPLc7g7SQ,PT2M53S,confirmed_music,music_channel,
Umapyoi Celebrity,Release - Topic,2026-08-02 18:49:13+00:00,https://www.youtube.com/watch?v=RQvTU0b386E,RQvTU0b386E,UCQ4Nst9x2q4gZ3x9OHt4jTA,PT2M35S,confirmed_music,distributed_music_release,
"Yorushika - Evening Calm, Somewhere, Fireworks (夕凪、某、花惑い) (Lyrics/Kan/Rom/Eng)",Jett Pil,2026-08-02 20:57:02+00:00,https://www.youtube.com/watch?v=Tu2T88BWYB0,Tu2T88BWYB0,UCD6_wf0F0v6jXLvXzJPakiQ,PT3M19S,confirmed_music,music_channel,
"Blackbear - ""Idfc"" (Acoustic) OFFICIAL VERSION",StrictlyHits,2026-08-03 00:27:25+00:00,https://www.youtube.com/watch?v=-N89TPQdX2o,-N89TPQdX2o,UCvTLh2gYXW3P6UzT1W9kegw,PT3M31S,confirmed_music,music_channel,
I got a little too excited,SontheHarry,2026-08-03 05:06:18+00:00,https://www.youtube.com/watch?v=8s5tQ1sxrRQ,8s5tQ1sxrRQ,UCHCpoxXWKk11MDi-vx0oGQw,PT31S,probable_music,youtube_music_category_only,
Why Do I (with Hatsune Miku),Set It Off,2026-08-03 07:13:22+00:00,https://www.youtube.com/watch?v=HMFNXgu7L3Q,HMFNXgu7L3Q,UCB1bJqKXS3lpy8HdW0P1zrQ,PT2M36S,confirmed_music,music_channel,
Midnight Grand Orchestra『Moonlightspeed 』Music Video,Midnight Grand Orchestra,2026-08-03 07:17:33+00:00,https://www.youtube.com/watch?v=NI8KqzCvFsc,NI8KqzCvFsc,UCnVbtCwr-5LXxUlGxsgD7sQ,PT3M25S,confirmed_music,music_channel,
Official髭男dism - Pretender［Official Video］,Official髭男dism,2026-08-03 07:20:43+00:00,https://www.youtube.com/watch?v=TQ8WlA2GXbk,TQ8WlA2GXbk,UC3vg17IZ1IV73xx069jG44w,PT5M36S,confirmed_music,music_channel,
Donut Hole (ドーナツホール) | Moonbase Alpha Cover |【DECtalk Paul VCV】【UTAUカバー】,Arbitraire Turvy,2026-08-03 07:27:39+00:00,https://www.youtube.com/watch?v=qtZEnCPntPA,qtZEnCPntPA,UCVTtOiB2m5SvNnxBIwhsUTg,PT3M39S,confirmed_music,music_channel,
Lagtrain (ラグトレイン) | Moonbase Alpha Cover |【DECtalk Paul VCV】【UTAUカバー】,Arbitraire Turvy,2026-08-03 07:31:18+00:00,https://www.youtube.com/watch?v=nLqouKvVtH4,nLqouKvVtH4,UCVTtOiB2m5SvNnxBIwhsUTg,PT4M14S,confirmed_music,music_channel,
稲葉曇『ロストアンブレラ』Vo. 歌愛ユキ,稲葉曇,2026-08-03 07:35:32+00:00,https://www.youtube.com/watch?v=DeKLpgzh-qQ,DeKLpgzh-qQ,UCNElM45JypxqAR73RoUQ10g,PT3M23S,confirmed_music,music_channel,
天球、彗星は夜を跨いで / 星街すいせい(official),Suisei Channel,2026-08-03 07:38:54+00:00,https://www.youtube.com/watch?v=zLak0dxBKpM,zLak0dxBKpM,UC5CwaMl1eIgY8h02uZw7u8A,PT4M19S,confirmed_music,music_channel,
Surface of the Iron-Blooded Orphans,Masaru Yokoyama - Topic,2026-08-03 07:42:49+00:00,https://www.youtube.com/watch?v=-0S2FiplJaY,-0S2FiplJaY,UCfmHShprfhvkbtD-ytZRiJA,PT3M30S,confirmed_music,music_channel,
Umapyoi Celebrity,Release - Topic,2026-08-03 07:45:15+00:00,https://www.youtube.com/watch?v=RQvTU0b386E,RQvTU0b386E,UCQ4Nst9x2q4gZ3x9OHt4jTA,PT2M35S,confirmed_music,distributed_music_release,
トレセン音頭 -下剋上 Ver-,Release - Topic,2026-08-03 07:51:13+00:00,https://www.youtube.com/watch?v=RlDZgZvIQ5U,RlDZgZvIQ5U,UCQ4Nst9x2q4gZ3x9OHt4jTA,PT2M46S,confirmed_music,distributed_music_release,
"Yuki Hayashi - Out of the Way, Small Fry",Setsuna「セツナ」,2026-08-03 07:53:59+00:00,https://www.youtube.com/watch?v=GWuKHjB2LlQ,GWuKHjB2LlQ,UCmiBynj5XGZK4Au2WP3-yvQ,PT3M33S,confirmed_music,music_channel,
Yuki Hayashi - GBF (OpenTheFutureMix),Setsuna「セツナ」,2026-08-03 07:57:33+00:00,https://www.youtube.com/watch?v=7TmOZ08v6bg,7TmOZ08v6bg,UCmiBynj5XGZK4Au2WP3-yvQ,PT3M12S,confirmed_music,music_channel,
Stranger Than Heaven,Pageless - Topic,2026-08-03 08:18:23+00:00,https://www.youtube.com/watch?v=1RmxKYS33kU,1RmxKYS33kU,UCNvq8g2EnFPNrjbDVlyyQrw,PT3M52S,confirmed_music,music_channel,
Imagine Dragons - Take Me To The Beach (feat. Ado) (Official Lyric Video),ImagineDragonsVEVO,2026-08-03 08:23:37+00:00,https://www.youtube.com/watch?v=5Duje_sZko8,5Duje_sZko8,UCpx_k19S2vUutWUUM9qmXEg,PT2M48S,confirmed_music,music_channel,
Nightcore / Sped Up → Ai Đưa Em Về (Rock Version/Cover),Sen,2026-08-03 08:26:17+00:00,https://www.youtube.com/watch?v=mgDiwGWu9vA,mgDiwGWu9vA,UCiOPAnYULQ0P97xmPDB5Zrw,PT3M35S,confirmed_music,music_channel,
【Rainych】 SAY SO - Doja Cat | Japanese Version (cover),Rainych Ran,2026-08-03 08:29:52+00:00,https://www.youtube.com/watch?v=EsZbWAqU8xY,EsZbWAqU8xY,UCrrfJ_8kX6YyXE7F3pDJzEw,PT4M18S,confirmed_music,music_channel,
白日 (Hakujitsu) - King Gnu // covered by 道明寺ここあ,道明寺ここあ / COCOA DOMYOJI,2026-08-03 08:33:32+00:00,https://www.youtube.com/watch?v=R0oKPDawxCA,R0oKPDawxCA,UC5Xse6X7vB_nUL5HvEFVo_g,PT4M41S,confirmed_music,music_channel,
【和風アレンジ】ツユ - レインフォール cover-カバー-,ユウラギ,2026-08-03 08:38:13+00:00,https://www.youtube.com/watch?v=uBULSPoUFTw,uBULSPoUFTw,UC9t1VuILSnw_MVbE1LyHkCw,PT3M51S,confirmed_music,music_channel,
【Ado】ヒバナ 歌いました,Ado,2026-08-03 08:42:04+00:00,https://www.youtube.com/watch?v=EFsSYiNl2AQ,EFsSYiNl2AQ,UCln9P4Qm3-EAY4aiEPmRwEA,PT3M26S,confirmed_music,music_channel,
Deep Indigo -piano and drums arrange- ♡ English Cover【rachie】藍二乗,rachie 🎀💌,2026-08-03 08:45:28+00:00,https://www.youtube.com/watch?v=YAUZQO3Wfp4,YAUZQO3Wfp4,UCRbsmnDTHD9-4pEIuG7zYRw,PT4M32S,confirmed_music,music_channel,
ヨルシカ - 八月、某、月明かり（OFFICIAL VIDEO）,ヨルシカ / n-buna Official,2026-08-03 08:49:29+00:00,https://www.youtube.com/watch?v=Vs5NViM8TSY,Vs5NViM8TSY,UCRIgIJQWuBJ0Cv_VlU3USNA,PT4M43S,confirmed_music,music_channel,
"Yorushika - Evening Calm, Somewhere, Fireworks (夕凪、某、花惑い) (Lyrics/Kan/Rom/Eng)",Jett Pil,2026-08-03 20:34:04+00:00,https://www.youtube.com/watch?v=Tu2T88BWYB0,Tu2T88BWYB0,UCD6_wf0F0v6jXLvXzJPakiQ,PT3M19S,confirmed_music,music_channel,
Axe to Grind - Persona 5 Scramble: The Phantom Strikers,PSC,2026-08-03 21:01:20+00:00,https://www.youtube.com/watch?v=KWfm8uxn9ao,KWfm8uxn9ao,UCuggrgtogxwtSy1gaxlr4eg,PT5M56S,confirmed_music,music_channel,
What You Wish For - Persona 5 Scramble: The Phantom Strikers,PSC,2026-08-03 21:07:17+00:00,https://www.youtube.com/watch?v=QK4MjRoE_1c,QK4MjRoE_1c,UCuggrgtogxwtSy1gaxlr4eg,PT5M49S,confirmed_music,music_channel,
I'm a chud song (Kasane Teto Cover),KyuKai,2026-08-04 15:55:47+00:00,https://www.youtube.com/watch?v=NAcD7ajSaL4,NAcD7ajSaL4,UCnEZJ1s0BTP7fk6Owo-WlUw,PT1M16S,confirmed_music,music_channel,
白日 (Hakujitsu) - King Gnu // covered by 道明寺ここあ,道明寺ここあ / COCOA DOMYOJI,2026-08-04 15:56:00+00:00,https://www.youtube.com/watch?v=R0oKPDawxCA,R0oKPDawxCA,UC5Xse6X7vB_nUL5HvEFVo_g,PT4M41S,confirmed_music,music_channel,
【ウマ娘】BLOW my GALE (パート分け/Color Coded/Lyrics)【Make a new track!!】,🐈Kogane Music,2026-08-04 23:52:03+00:00,https://www.youtube.com/watch?v=e_5ddaRuemY,e_5ddaRuemY,UCj1kPydcCE2roLSmWM1r5ag,PT5M16S,confirmed_music,music_channel,
Ms. VICTORIA,Tokai Teio (CV: Machico) - Topic,2026-08-05 00:20:17+00:00,https://www.youtube.com/watch?v=vsnyQd6Ur-M,vsnyQd6Ur-M,UC7Vz3bT7LxjlivNcN0dmfBA,PT4M48S,confirmed_music,music_channel,
【ウマ娘】GIRLS' LEGEND U (Game Size)【暫定版】 (パート分け/Color Coded/Lyrics)【ゲーム版ウマ娘メインテーマ】,🐈Kogane Music,2026-08-05 00:36:05+00:00,https://www.youtube.com/watch?v=9A6sxQdwImI,9A6sxQdwImI,UCj1kPydcCE2roLSmWM1r5ag,PT3M18S,confirmed_music,music_channel,
HOT LIMIT - From THE FIRST TAKE,T.M. Revolution - Topic,2026-08-05 12:48:20+00:00,https://www.youtube.com/watch?v=bhFlnwybY0A,bhFlnwybY0A,UCbR36UZ3-7hrv861veexZng,PT3M43S,confirmed_music,music_channel,
Ms. VICTORIA,Tokai Teio (CV: Machico) - Topic,2026-08-06 19:28:08+00:00,https://www.youtube.com/watch?v=vsnyQd6Ur-M,vsnyQd6Ur-M,UC7Vz3bT7LxjlivNcN0dmfBA,PT4M48S,confirmed_music,music_channel,
Hikaru Utada & Skrillex - Face My Fears [Official Video],Skrillex,2026-08-07 04:00:16+00:00,https://www.youtube.com/watch?v=Kvnwnf9UftA,Kvnwnf9UftA,UC_TVqp_SyG6j5hG-xVRy95A,PT3M38S,confirmed_music,music_channel,
Overdose - Kobo Kanaeru (Cover),Kobo Kanaeru Ch. hololive-ID,2026-08-08 00:51:57+00:00,https://www.youtube.com/watch?v=iiw9Z1I1AcE,iiw9Z1I1AcE,UCjLEmnpCNeisMxy134KPwWw,PT3M14S,confirmed_music,strong_music_title,['cover']
Imagine Dragons - Bones (Official Lyric Video),ImagineDragonsVEVO,2026-08-08 05:19:17+00:00,https://www.youtube.com/watch?v=DYed5whEf4g,DYed5whEf4g,UCpx_k19S2vUutWUUM9qmXEg,PT2M46S,confirmed_music,music_channel,
Ado - Unknown Mother Goose Live.,Nariam1034,2026-08-08 09:05:57+00:00,https://www.youtube.com/watch?v=doil5vjgh14,doil5vjgh14,UCvuMrFHwraCnBiSdTkMIMvg,PT4M35S,confirmed_music,music_channel,
強欲,TUYU - Topic,2026-08-08 09:19:31+00:00,https://www.youtube.com/watch?v=DZzyfzriCJc,DZzyfzriCJc,UCZkClY03Vnv-X9qMnEHzxHQ,PT1M39S,confirmed_music,music_channel,
See Tình x Ai Đưa Em Về (Switching Vocals) / Nightcore,Sen,2026-08-08 19:27:09+00:00,https://www.youtube.com/watch?v=lVFvMCRU-2A,lVFvMCRU-2A,UCiOPAnYULQ0P97xmPDB5Zrw,PT4M27S,confirmed_music,music_channel,
I'm a chud song (Kasane Teto Cover),KyuKai,2026-08-08 20:19:06+00:00,https://www.youtube.com/watch?v=NAcD7ajSaL4,NAcD7ajSaL4,UCnEZJ1s0BTP7fk6Owo-WlUw,PT1M16S,confirmed_music,music_channel,
アンノウン・マザーグース（cover）/ 相沢,Aizawa channel,2026-08-08 20:24:11+00:00,https://www.youtube.com/watch?v=TMxduggTXiA,TMxduggTXiA,UCAeW1LipMgF16mgtl3WFUJg,PT4M34S,confirmed_music,music_channel,
Imagine Dragons - Take Me To The Beach (feat. Ado) (Official Lyric Video),ImagineDragonsVEVO,2026-08-08 20:59:03+00:00,https://www.youtube.com/watch?v=5Duje_sZko8,5Duje_sZko8,UCpx_k19S2vUutWUUM9qmXEg,PT2M48S,confirmed_music,music_channel,
Nightcore / Sped Up → Ai Đưa Em Về (Rock Version/Cover),Sen,2026-08-08 21:13:20+00:00,https://www.youtube.com/watch?v=mgDiwGWu9vA,mgDiwGWu9vA,UCiOPAnYULQ0P97xmPDB5Zrw,PT3M35S,confirmed_music,music_channel,
【GhostFinal & Kinoko蘑菇】1 2 beat「Girls' Frontline 2: Exilium OST」【ドールズフロントライン2：エクシリウム】Official,Vanguard Sound Studio,2026-08-08 21:25:14+00:00,https://www.youtube.com/watch?v=BKDtix4OVqg,BKDtix4OVqg,UCWHH7TZrLyIaM1SUoecL4sg,PT3M19S,confirmed_music,music_channel,
Why Do I (with Hatsune Miku),Set It Off,2026-08-08 21:35:44+00:00,https://www.youtube.com/watch?v=HMFNXgu7L3Q,HMFNXgu7L3Q,UCB1bJqKXS3lpy8HdW0P1zrQ,PT2M36S,confirmed_music,music_channel,
【MV】HELP!!  - Kobo Kanaeru,Kobo Kanaeru Ch. hololive-ID,2026-08-08 21:38:25+00:00,https://www.youtube.com/watch?v=50Ura_ZcSvY,50Ura_ZcSvY,UCjLEmnpCNeisMxy134KPwWw,PT3M8S,confirmed_music,strong_music_title,['mv']
"Blackbear - ""Idfc"" (Acoustic) OFFICIAL VERSION",StrictlyHits,2026-08-08 23:05:27+00:00,https://www.youtube.com/watch?v=-N89TPQdX2o,-N89TPQdX2o,UCvTLh2gYXW3P6UzT1W9kegw,PT3M31S,confirmed_music,music_channel,
【ウマ娘】GIRLS' LEGEND U (Game Size)【暫定版】 (パート分け/Color Coded/Lyrics)【ゲーム版ウマ娘メインテーマ】,🐈Kogane Music,2026-08-09 19:49:51+00:00,https://www.youtube.com/watch?v=9A6sxQdwImI,9A6sxQdwImI,UCj1kPydcCE2roLSmWM1r5ag,PT3M18S,confirmed_music,music_channel,
Overdose - Kobo Kanaeru (Cover),Kobo Kanaeru Ch. hololive-ID,2026-08-10 20:48:44+00:00,https://www.youtube.com/watch?v=iiw9Z1I1AcE,iiw9Z1I1AcE,UCjLEmnpCNeisMxy134KPwWw,PT3M14S,confirmed_music,strong_music_title,['cover']
アンノウン・マザーグース（cover）/ 相沢,Aizawa channel,2026-08-10 20:48:48+00:00,https://www.youtube.com/watch?v=TMxduggTXiA,TMxduggTXiA,UCAeW1LipMgF16mgtl3WFUJg,PT4M34S,confirmed_music,music_channel,
GUNDAM BUILD FIGHTERS ost [The Crimson Comet ～Three Times The Passion Of Ordinary Flamenco～],田中,2026-08-10 22:36:42+00:00,https://www.youtube.com/watch?v=ytHjdArnPJQ,ytHjdArnPJQ,UCPiNw5KZ31Rg0dJkeWtRfaw,PT3M9S,confirmed_music,music_channel,
Nightcore / Sped Up → Ai Đưa Em Về (Rock Version/Cover),Sen,2026-08-10 23:58:42+00:00,https://www.youtube.com/watch?v=mgDiwGWu9vA,mgDiwGWu9vA,UCiOPAnYULQ0P97xmPDB5Zrw,PT3M35S,confirmed_music,music_channel,
Armored Core 20th Anniversary Special Disk 02: 12 - Mechanized Memories - in the end -,Zip,2026-08-11 00:14:26+00:00,https://www.youtube.com/watch?v=lBmPvWyQ-HY,lBmPvWyQ-HY,UChfSS7nboZSuf8D0MW9v6XA,PT5M28S,confirmed_music,music_channel,
Why Do I (with Hatsune Miku),Set It Off,2026-08-11 20:51:38+00:00,https://www.youtube.com/watch?v=HMFNXgu7L3Q,HMFNXgu7L3Q,UCB1bJqKXS3lpy8HdW0P1zrQ,PT2M36S,confirmed_music,music_channel,
Nightcore / Sped Up → Ai Đưa Em Về (Rock Version/Cover),Sen,2026-08-11 22:18:58+00:00,https://www.youtube.com/watch?v=mgDiwGWu9vA,mgDiwGWu9vA,UCiOPAnYULQ0P97xmPDB5Zrw,PT3M35S,confirmed_music,music_channel,
めにしゅき♡ラッシュっしゅ！,Release - Topic,2026-08-12 20:51:04+00:00,https://www.youtube.com/watch?v=8ULbYqRtlMQ,8ULbYqRtlMQ,UCUAFUdeaEUeDCkAJMc4cT5Q,PT3M58S,confirmed_music,distributed_music_release,
マーベラスサンデータイム☆★,Marvelous Sunday (CV: Marie Miyake) - Topic,2026-08-12 20:55:04+00:00,https://www.youtube.com/watch?v=PdKj1065-P4,PdKj1065-P4,UCnimY3TGE8JmaKxV4TktWow,PT4M28S,confirmed_music,distributed_music_release,
ウマすぎ！グルメパレード,Special Week (CV: Azumi Waki) - Topic,2026-08-12 20:59:34+00:00,https://www.youtube.com/watch?v=c2EerlVb7Js,c2EerlVb7Js,UCStIhfpVl97S1jIwZmj_zYg,PT3M15S,confirmed_music,music_channel,
アンノウン・マザーグース（cover）/ 相沢,Aizawa channel,2026-08-12 21:02:55+00:00,https://www.youtube.com/watch?v=TMxduggTXiA,TMxduggTXiA,UCAeW1LipMgF16mgtl3WFUJg,PT4M34S,confirmed_music,music_channel,
うまぴょい伝説,Special Week (CV: Azumi Waki) - Topic,2026-08-12 21:07:34+00:00,https://www.youtube.com/watch?v=VFOg6mHtZcA,VFOg6mHtZcA,UCStIhfpVl97S1jIwZmj_zYg,PT4M30S,confirmed_music,music_channel,
Ms. VICTORIA,Tokai Teio (CV: Machico) - Topic,2026-08-12 21:12:06+00:00,https://www.youtube.com/watch?v=vsnyQd6Ur-M,vsnyQd6Ur-M,UC7Vz3bT7LxjlivNcN0dmfBA,PT4M48S,confirmed_music,music_channel,
GIRLS' LEGEND U,Special Week (CV: Azumi Waki) - Topic,2026-08-12 21:23:01+00:00,https://www.youtube.com/watch?v=G7RmGsHxv-Q,G7RmGsHxv-Q,UCStIhfpVl97S1jIwZmj_zYg,PT4M52S,confirmed_music,music_channel,
【ウマ娘】GIRLS' LEGEND U (Game Size)【暫定版】 (パート分け/Color Coded/Lyrics)【ゲーム版ウマ娘メインテーマ】,🐈Kogane Music,2026-08-12 21:27:57+00:00,https://www.youtube.com/watch?v=9A6sxQdwImI,9A6sxQdwImI,UCj1kPydcCE2roLSmWM1r5ag,PT3M18S,confirmed_music,music_channel,
Why Do I (with Hatsune Miku),Set It Off,2026-08-12 22:44:01+00:00,https://www.youtube.com/watch?v=HMFNXgu7L3Q,HMFNXgu7L3Q,UCB1bJqKXS3lpy8HdW0P1zrQ,PT2M36S,confirmed_music,music_channel,
Imagine Dragons - Take Me To The Beach (feat. Ado) (Official Lyric Video),ImagineDragonsVEVO,2026-08-12 22:46:37+00:00,https://www.youtube.com/watch?v=5Duje_sZko8,5Duje_sZko8,UCpx_k19S2vUutWUUM9qmXEg,PT2M48S,confirmed_music,music_channel,
稲葉曇『ラグトレイン』Vo. 歌愛ユキ,稲葉曇,2026-08-12 22:49:22+00:00,https://www.youtube.com/watch?v=UnIhRpIT7nc,UnIhRpIT7nc,UCNElM45JypxqAR73RoUQ10g,PT4M12S,confirmed_music,music_channel,
タイニーリトル・アジアンタム,Shibayan Records,2026-08-12 22:53:34+00:00,https://www.youtube.com/watch?v=rB7XFQgJHBI,rB7XFQgJHBI,UC995j0fLaZb4RHACU149w1Q,PT5M51S,confirmed_music,music_channel,
ヨルシカ - あぶく（OFFICIAL VIDEO）,ヨルシカ / n-buna Official,2026-08-12 22:59:22+00:00,https://www.youtube.com/watch?v=OHAjc-ayhus,OHAjc-ayhus,UCRIgIJQWuBJ0Cv_VlU3USNA,PT3M55S,confirmed_music,music_channel,
【holo*27 MV】星街すいせい - プラネタリウム【ホロライブ x DECO*27】,Suisei Channel,2026-08-12 23:03:56+00:00,https://www.youtube.com/watch?v=hAI-qjw6J-A,hAI-qjw6J-A,UC5CwaMl1eIgY8h02uZw7u8A,PT3M58S,confirmed_music,music_channel,
ムーンライト / 星街すいせい(official),Suisei Channel,2026-08-12 23:07:45+00:00,https://www.youtube.com/watch?v=UmN7Fr_Kf-8,UmN7Fr_Kf-8,UC5CwaMl1eIgY8h02uZw7u8A,PT3M26S,confirmed_music,music_channel,
【Ado】ギラギラ,Ado,2026-08-12 23:10:44+00:00,https://www.youtube.com/watch?v=sOiMD45QGLs,sOiMD45QGLs,UCln9P4Qm3-EAY4aiEPmRwEA,PT4M37S,confirmed_music,music_channel,
Official髭男dism - Pretender［Official Video］,Official髭男dism,2026-08-12 23:15:20+00:00,https://www.youtube.com/watch?v=TQ8WlA2GXbk,TQ8WlA2GXbk,UC3vg17IZ1IV73xx069jG44w,PT5M36S,confirmed_music,music_channel,
【AKASAKI】Bunny Girl / バニーガール（Lyric Video）,AKASAKI,2026-08-12 23:20:44+00:00,https://www.youtube.com/watch?v=RCltAg_iK0E,RCltAg_iK0E,UC3PZvqEE-zprmx70h3Q-zog,PT3M37S,confirmed_music,music_channel,
アンノウン・マザーグース（cover）/ 相沢,Aizawa channel,2026-08-13 21:47:14+00:00,https://www.youtube.com/watch?v=TMxduggTXiA,TMxduggTXiA,UCAeW1LipMgF16mgtl3WFUJg,PT4M34S,confirmed_music,music_channel,
Nightcore / Sped Up → Ai Đưa Em Về (Rock Version/Cover),Sen,2026-08-13 21:52:12+00:00,https://www.youtube.com/watch?v=mgDiwGWu9vA,mgDiwGWu9vA,UCiOPAnYULQ0P97xmPDB5Zrw,PT3M35S,confirmed_music,music_channel,
【MV】HELP!!  - Kobo Kanaeru,Kobo Kanaeru Ch. hololive-ID,2026-08-13 21:55:48+00:00,https://www.youtube.com/watch?v=50Ura_ZcSvY,50Ura_ZcSvY,UCjLEmnpCNeisMxy134KPwWw,PT3M8S,confirmed_music,strong_music_title,['mv']
[HOLOLIVE ID] KOBO KANAERU FT. MORI CALLIOPE 'ENDLESS TEARS' CLIFF EDGE LYRICS (Color Coded Lyrics),Senbei Ch,2026-08-13 22:02:09+00:00,https://www.youtube.com/watch?v=kh3itnXYoJA,kh3itnXYoJA,UC2bLdzW-plZ06Zz6YhqBMGQ,PT4M24S,confirmed_music,music_channel,
Why Do I (with Hatsune Miku),Set It Off,2026-08-13 22:03:32+00:00,https://www.youtube.com/watch?v=HMFNXgu7L3Q,HMFNXgu7L3Q,UCB1bJqKXS3lpy8HdW0P1zrQ,PT2M36S,confirmed_music,music_channel,
Imagine Dragons - Take Me To The Beach (feat. Ado) (Official Lyric Video),ImagineDragonsVEVO,2026-08-13 22:06:08+00:00,https://www.youtube.com/watch?v=5Duje_sZko8,5Duje_sZko8,UCpx_k19S2vUutWUUM9qmXEg,PT2M48S,confirmed_music,music_channel,
めにしゅき♡ラッシュっしゅ！,Release - Topic,2026-08-13 22:08:52+00:00,https://www.youtube.com/watch?v=8ULbYqRtlMQ,8ULbYqRtlMQ,UCUAFUdeaEUeDCkAJMc4cT5Q,PT3M58S,confirmed_music,distributed_music_release,
【Ado】ヒバナ 歌いました,Ado,2026-08-13 22:12:47+00:00,https://www.youtube.com/watch?v=EFsSYiNl2AQ,EFsSYiNl2AQ,UCln9P4Qm3-EAY4aiEPmRwEA,PT3M26S,confirmed_music,music_channel,
稲葉曇『ロストアンブレラ』Vo. 歌愛ユキ,稲葉曇,2026-08-13 22:16:10+00:00,https://www.youtube.com/watch?v=DeKLpgzh-qQ,DeKLpgzh-qQ,UCNElM45JypxqAR73RoUQ10g,PT3M23S,confirmed_music,music_channel,
Stranger Than Heaven Trailer Song「 HQ Full Remake 」NO-AI,Pageless,2026-08-14 00:28:59+00:00,https://www.youtube.com/watch?v=C8kNwfFfD1Q,C8kNwfFfD1Q,UCskbNPcf2_l-NoyFwX0mazQ,PT3M54S,confirmed_music,music_channel,
Breaking Bad Theme,theliftband,2026-08-14 02:30:36+00:00,https://www.youtube.com/watch?v=kg2cFWz_Bnk,kg2cFWz_Bnk,UCXVWMBcCiKvX3LbIo1RCEGw,PT13S,confirmed_music,music_channel,
Imagine Dragons - Take Me To The Beach (feat. Ado) (Official Lyric Video),ImagineDragonsVEVO,2026-08-14 10:27:07+00:00,https://www.youtube.com/watch?v=5Duje_sZko8,5Duje_sZko8,UCpx_k19S2vUutWUUM9qmXEg,PT2M48S,confirmed_music,music_channel,
【Ado】オールナイトレディオ,Ado,2026-08-14 10:29:51+00:00,https://www.youtube.com/watch?v=lfw8W3uWO7s,lfw8W3uWO7s,UCln9P4Qm3-EAY4aiEPmRwEA,PT3M35S,confirmed_music,music_channel,
【Ado】MIRROR,Ado,2026-08-14 10:37:20+00:00,https://www.youtube.com/watch?v=zsBBWBEZkFQ,zsBBWBEZkFQ,UCln9P4Qm3-EAY4aiEPmRwEA,PT3M,confirmed_music,music_channel,
ムーンライト / 星街すいせい(official),Suisei Channel,2026-08-14 10:40:18+00:00,https://www.youtube.com/watch?v=UmN7Fr_Kf-8,UmN7Fr_Kf-8,UC5CwaMl1eIgY8h02uZw7u8A,PT3M26S,confirmed_music,music_channel,
ヨルシカ - 千鳥（OFFICIAL VIDEO）,ヨルシカ / n-buna Official,2026-08-14 10:46:47+00:00,https://www.youtube.com/watch?v=t75qlQPXJGw,t75qlQPXJGw,UCRIgIJQWuBJ0Cv_VlU3USNA,PT4M11S,confirmed_music,music_channel,
【Ado】 唱,Ado,2026-08-14 10:47:58+00:00,https://www.youtube.com/watch?v=pgXpM4l_MwI,pgXpM4l_MwI,UCln9P4Qm3-EAY4aiEPmRwEA,PT3M10S,confirmed_music,music_channel,
BLOW my GALE,Release - Topic,2026-08-14 10:52:36+00:00,https://www.youtube.com/watch?v=7OuVm8V122Q,7OuVm8V122Q,UCqhMnaNQCD4yBfxFpL66_OQ,PT5M8S,confirmed_music,distributed_music_release,
Ms. VICTORIA,Tokai Teio (CV: Machico) - Topic,2026-08-14 11:06:30+00:00,https://www.youtube.com/watch?v=vsnyQd6Ur-M,vsnyQd6Ur-M,UC7Vz3bT7LxjlivNcN0dmfBA,PT4M48S,confirmed_music,music_channel,
ウマすぎ！グルメパレード,Special Week (CV: Azumi Waki) - Topic,2026-08-14 11:12:04+00:00,https://www.youtube.com/watch?v=c2EerlVb7Js,c2EerlVb7Js,UCStIhfpVl97S1jIwZmj_zYg,PT3M15S,confirmed_music,music_channel,
マーベラスサンデータイム☆★,Marvelous Sunday (CV: Marie Miyake) - Topic,2026-08-14 11:15:19+00:00,https://www.youtube.com/watch?v=PdKj1065-P4,PdKj1065-P4,UCnimY3TGE8JmaKxV4TktWow,PT4M28S,confirmed_music,distributed_music_release,
GIRLS' LEGEND U ―やっとみんな会えたね―,Special Week (CV: Azumi Waki) - Topic,2026-08-14 11:16:02+00:00,https://www.youtube.com/watch?v=rOn6Kw9CdiI,rOn6Kw9CdiI,UCStIhfpVl97S1jIwZmj_zYg,PT1M46S,confirmed_music,music_channel,
うまぴょい伝説,Gold Ship (CV: Hitomi Ueda) - Topic,2026-08-14 11:16:19+00:00,https://www.youtube.com/watch?v=whhrWeZAOgI,whhrWeZAOgI,UCwTeUYX-so-M3F1lRrHdbwQ,PT4M30S,confirmed_music,music_channel,
Nightcore / Sped Up → Ai Đưa Em Về (Rock Version/Cover),Sen,2026-08-14 11:17:27+00:00,https://www.youtube.com/watch?v=mgDiwGWu9vA,mgDiwGWu9vA,UCiOPAnYULQ0P97xmPDB5Zrw,PT3M35S,confirmed_music,music_channel,
【MV】HELP!!  - Kobo Kanaeru,Kobo Kanaeru Ch. hololive-ID,2026-08-14 11:21:03+00:00,https://www.youtube.com/watch?v=50Ura_ZcSvY,50Ura_ZcSvY,UCjLEmnpCNeisMxy134KPwWw,PT3M8S,confirmed_music,strong_music_title,['mv']
Ghost City Tokyo ♡ English Cover【rachie】幽霊東京,rachie 🎀💌,2026-08-14 11:28:47+00:00,https://www.youtube.com/watch?v=Kxcfxo5IMYk,Kxcfxo5IMYk,UCRbsmnDTHD9-4pEIuG7zYRw,PT4M4S,confirmed_music,music_channel,
あの世行きのバスに乗ってさらば。Full acoustic version by ツユ/TUYU,Kailash Saire,2026-08-14 11:31:47+00:00,https://www.youtube.com/watch?v=1p52vlwRb0Q,1p52vlwRb0Q,UCxyyFIho7-LqM8aHQPrGnAw,PT3M11S,confirmed_music,music_channel,
[MAMBOCORE] Blinding Lights,mambocore,2026-08-14 11:40:13+00:00,https://www.youtube.com/watch?v=d1lba1iB384,d1lba1iB384,UCgRREWs8vsqbtwWNehjkrew,PT3M17S,confirmed_music,music_channel,
Armored Core 20th Anniversary Special Disk 02: 12 - Mechanized Memories - in the end -,Zip,2026-08-14 11:42:54+00:00,https://www.youtube.com/watch?v=lBmPvWyQ-HY,lBmPvWyQ-HY,UChfSS7nboZSuf8D0MW9v6XA,PT5M28S,confirmed_music,music_channel,
Mechanized Memories,FreQuency - Topic,2026-08-14 11:46:08+00:00,https://www.youtube.com/watch?v=Wp3t9Nwjr_8,Wp3t9Nwjr_8,UCso8EafhT3TzkVYvT37lGag,PT4M29S,confirmed_music,music_channel,
Day After Day,FreQuency - Topic,2026-08-14 11:50:36+00:00,https://www.youtube.com/watch?v=6g1Pm-slTPE,6g1Pm-slTPE,UCso8EafhT3TzkVYvT37lGag,PT4M36S,confirmed_music,music_channel,
【ウマ娘】ユメヲカケル! (カノープスVer) (パート分け/Color Coded/Lyrics)【Run for Our Dream】,🐈Kogane Music,2026-08-14 16:29:29+00:00,https://www.youtube.com/watch?v=OpbokSpFAPk,OpbokSpFAPk,UCj1kPydcCE2roLSmWM1r5ag,PT4M52S,confirmed_music,music_channel,
めにしゅき♡ラッシュっしゅ！,Release - Topic,2026-08-14 22:07:45+00:00,https://www.youtube.com/watch?v=8ULbYqRtlMQ,8ULbYqRtlMQ,UCUAFUdeaEUeDCkAJMc4cT5Q,PT3M58S,confirmed_music,distributed_music_release,
GIRLS' LEGEND U,Special Week (CV: Azumi Waki) - Topic,2026-08-14 22:11:44+00:00,https://www.youtube.com/watch?v=G7RmGsHxv-Q,G7RmGsHxv-Q,UCStIhfpVl97S1jIwZmj_zYg,PT4M52S,confirmed_music,music_channel,
アンノウン・マザーグース（cover）/ 相沢,Aizawa channel,2026-08-14 23:22:26+00:00,https://www.youtube.com/watch?v=TMxduggTXiA,TMxduggTXiA,UCAeW1LipMgF16mgtl3WFUJg,PT4M34S,confirmed_music,music_channel,
Undertale Theme Medley - Acoustic Guitar Cover,With Ether,2026-08-14 23:27:05+00:00,https://www.youtube.com/watch?v=l8HkQ2i7cn8,l8HkQ2i7cn8,UCYq54lxunb1GJJjlglLtBSg,PT9M3S,confirmed_music,music_channel,
星街すいせいメドレーを一人でバンド組んで歌ってみた,HIKOMARO 一人でバンド,2026-08-14 23:35:56+00:00,https://www.youtube.com/watch?v=Tp0MugeuFlE,Tp0MugeuFlE,UCoi-y7lmdiDBYPqOYGh6NrQ,PT12M23S,confirmed_music,music_channel,
結束バンドメドレーをぼっちでバンドしてみた,HIKOMARO 一人でバンド,2026-08-14 23:48:23+00:00,https://www.youtube.com/watch?v=dyISRo1MOHU,dyISRo1MOHU,UCoi-y7lmdiDBYPqOYGh6NrQ,PT9M42S,confirmed_music,music_channel,
ヨルシカをメドレーにして1人でバンドしてみた -Yorushika Medley One man Band Cover,HIKOMARO 一人でバンド,2026-08-14 23:58:10+00:00,https://www.youtube.com/watch?v=fyR2vyDc-d4,fyR2vyDc-d4,UCoi-y7lmdiDBYPqOYGh6NrQ,PT11M34S,confirmed_music,music_channel,
奏  - スキマスイッチ (Cover) / VESPERBELL ヨミ,VESPERBELL_YM,2026-08-14 23:59:41+00:00,https://www.youtube.com/watch?v=-BYdGfsSrHA,-BYdGfsSrHA,UCREUB-PjfMdI0KziJy-u0TQ,PT5M30S,confirmed_music,music_channel,
アンノウン・マザーグース（cover）/ 相沢,Aizawa channel,2026-08-15 00:05:17+00:00,https://www.youtube.com/watch?v=TMxduggTXiA,TMxduggTXiA,UCAeW1LipMgF16mgtl3WFUJg,PT4M34S,confirmed_music,music_channel,
メルト（cover）/ 相沢,Aizawa channel,2026-08-15 00:09:56+00:00,https://www.youtube.com/watch?v=_ofnf2OdTEU,_ofnf2OdTEU,UCAeW1LipMgF16mgtl3WFUJg,PT4M16S,confirmed_music,music_channel,
君の知らない物語（cover）/ 相沢,Aizawa channel,2026-08-15 00:14:18+00:00,https://www.youtube.com/watch?v=u3XDGWrYY8I,u3XDGWrYY8I,UCAeW1LipMgF16mgtl3WFUJg,PT5M43S,confirmed_music,music_channel,
夜明けと蛍（cover）/ 相沢,Aizawa channel,2026-08-15 00:20:06+00:00,https://www.youtube.com/watch?v=jRsDDTTOIN4,jRsDDTTOIN4,UCAeW1LipMgF16mgtl3WFUJg,PT5M15S,confirmed_music,music_channel,
【アコギ】ヨルシカ Acoustic Guitarメドレー2【全12曲】,ビッ栗 skyry13 Acoustic Guitar Channel,2026-08-15 00:30:55+00:00,https://www.youtube.com/watch?v=0No_7tGjVCk,0No_7tGjVCk,UCXrSvdm0Qm8SxRfMd_tE7-A,PT21M56S,confirmed_music,music_channel,
【和風アレンジ】ツユ - レインフォール cover-カバー-,ユウラギ,2026-08-15 20:22:15+00:00,https://www.youtube.com/watch?v=uBULSPoUFTw,uBULSPoUFTw,UC9t1VuILSnw_MVbE1LyHkCw,PT3M51S,confirmed_music,music_channel,
Umapyoi Celebrity,Release - Topic,2026-08-15 20:59:07+00:00,https://www.youtube.com/watch?v=RQvTU0b386E,RQvTU0b386E,UCQ4Nst9x2q4gZ3x9OHt4jTA,PT2M35S,confirmed_music,distributed_music_release,
Prison Labor - Persona 5 Royal OST [Extended],Pollux,2026-08-15 21:38:03+00:00,https://www.youtube.com/watch?v=1ErqYeya-8w,1ErqYeya-8w,UCC6RWdwWxZHqnW6mOpUZJZg,PT2H1M51S,confirmed_music,music_channel,
Imagine Dragons – Take Me To The Beach (Amazon Music Songline),ImagineDragons,2026-08-15 22:14:26+00:00,https://www.youtube.com/watch?v=BtCgzIYBXZ4,BtCgzIYBXZ4,UCT9zcQNlyht7fRlcjmflRSA,PT3M17S,confirmed_music,music_channel,
Imagine Dragons - Take Me To The Beach (feat. Ado) (Official Lyric Video),ImagineDragonsVEVO,2026-08-15 22:17:22+00:00,https://www.youtube.com/watch?v=5Duje_sZko8,5Duje_sZko8,UCpx_k19S2vUutWUUM9qmXEg,PT2M48S,confirmed_music,music_channel,
POV: you're in love with a memory | Playlist,Ashvale,2026-08-16 00:55:05+00:00,https://www.youtube.com/watch?v=CLPVGQc6Q5U,CLPVGQc6Q5U,UC1wFs7oJqeHJ6naA2ZsjB-A,PT33M54S,confirmed_music,music_channel,
ヨルシカをメドレーにして1人でバンドしてみた -Yorushika Medley One man Band Cover,HIKOMARO 一人でバンド,2026-08-16 02:15:20+00:00,https://www.youtube.com/watch?v=fyR2vyDc-d4,fyR2vyDc-d4,UCoi-y7lmdiDBYPqOYGh6NrQ,PT11M34S,confirmed_music,music_channel,
Mobile Suit Gundam Iron Blooded Orphans Urdr Hunt OST - Red vs Blue [Extended],WanderingSky114,2026-08-16 03:31:24+00:00,https://www.youtube.com/watch?v=NUGLzr6pUbE,NUGLzr6pUbE,UC2jAdzhqjcCD9IrnaEjbuvg,PT15M33S,confirmed_music,music_channel,
Overlord Season 4 Ending | Mayu Maeshima - 「No Man's Dawn」,JFY GT26,2026-08-16 05:17:37+00:00,https://www.youtube.com/watch?v=F5MjwPeGEUw,F5MjwPeGEUw,UCIGan4ww1EMZgOhPMV4mcRQ,PT3M48S,confirmed_music,music_channel,
Nightcore / Sped Up → Ai Đưa Em Về (Rock Version/Cover),Sen,2026-08-16 21:32:21+00:00,https://www.youtube.com/watch?v=mgDiwGWu9vA,mgDiwGWu9vA,UCiOPAnYULQ0P97xmPDB5Zrw,PT3M35S,confirmed_music,music_channel,
【imase】NIGHT DANCER（MV）,imase,2026-08-16 21:40:35+00:00,https://www.youtube.com/watch?v=kagoEGKHZvU,kagoEGKHZvU,UC4Kape5ARQ-konOZSw2yawA,PT3M31S,confirmed_music,music_channel,
"Có Công mài ""Sắc"" - Ngô Lan hương [ Lyrics // Speed Up ] | Michiru (Dress) - Blue Archive Live2D",SArisu Chill,2026-08-16 21:49:22+00:00,https://www.youtube.com/watch?v=Uzg7cp-RcJ8,Uzg7cp-RcJ8,UCKOlbYVgRsefC9bejzMnacA,PT3M2S,confirmed_music,music_channel,
【Kasane Teto SV2】STRANGER THAN HEAVEN (Unofficial Cover),tian nya,2026-08-16 21:52:11+00:00,https://www.youtube.com/watch?v=kdYEUqOjLQw,kdYEUqOjLQw,UCpMAZbus-sWXC5PKXO7OTaw,PT3M53S,confirmed_music,strong_music_title,['cover']
【Ado】オールナイトレディオ,Ado,2026-08-16 21:58:21+00:00,https://www.youtube.com/watch?v=lfw8W3uWO7s,lfw8W3uWO7s,UCln9P4Qm3-EAY4aiEPmRwEA,PT3M35S,confirmed_music,music_channel,
Official髭男dism - Pretender［Official Video］,Official髭男dism,2026-08-16 22:07:06+00:00,https://www.youtube.com/watch?v=TQ8WlA2GXbk,TQ8WlA2GXbk,UC3vg17IZ1IV73xx069jG44w,PT5M36S,confirmed_music,music_channel,
ムーンライト / 星街すいせい(official),Suisei Channel,2026-08-16 22:12:41+00:00,https://www.youtube.com/watch?v=UmN7Fr_Kf-8,UmN7Fr_Kf-8,UC5CwaMl1eIgY8h02uZw7u8A,PT3M26S,confirmed_music,music_channel,
【holo*27 MV】星街すいせい - プラネタリウム【ホロライブ x DECO*27】,Suisei Channel,2026-08-16 22:15:50+00:00,https://www.youtube.com/watch?v=hAI-qjw6J-A,hAI-qjw6J-A,UC5CwaMl1eIgY8h02uZw7u8A,PT3M58S,confirmed_music,music_channel,
【Ado】ギラギラ,Ado,2026-08-16 22:19:43+00:00,https://www.youtube.com/watch?v=sOiMD45QGLs,sOiMD45QGLs,UCln9P4Qm3-EAY4aiEPmRwEA,PT4M37S,confirmed_music,music_channel,
【Ado】MIRROR,Ado,2026-08-16 22:24:22+00:00,https://www.youtube.com/watch?v=zsBBWBEZkFQ,zsBBWBEZkFQ,UCln9P4Qm3-EAY4aiEPmRwEA,PT3M,confirmed_music,music_channel,
奏  - スキマスイッチ (Cover) / VESPERBELL ヨミ,VESPERBELL_YM,2026-08-16 22:27:25+00:00,https://www.youtube.com/watch?v=-BYdGfsSrHA,-BYdGfsSrHA,UCREUB-PjfMdI0KziJy-u0TQ,PT5M30S,confirmed_music,music_channel,
アンノウン・マザーグース（cover）/ 相沢,Aizawa channel,2026-08-16 22:33:00+00:00,https://www.youtube.com/watch?v=TMxduggTXiA,TMxduggTXiA,UCAeW1LipMgF16mgtl3WFUJg,PT4M34S,confirmed_music,music_channel,
【Ado】 唱,Ado,2026-08-16 22:40:30+00:00,https://www.youtube.com/watch?v=pgXpM4l_MwI,pgXpM4l_MwI,UCln9P4Qm3-EAY4aiEPmRwEA,PT3M10S,confirmed_music,music_channel,
【Ado】踊,Ado,2026-08-16 22:43:44+00:00,https://www.youtube.com/watch?v=YnSW8ian29w,YnSW8ian29w,UCln9P4Qm3-EAY4aiEPmRwEA,PT3M29S,confirmed_music,music_channel,
tuki.『晩餐歌』Official Music Video,tuki.(17),2026-08-16 22:51:04+00:00,https://www.youtube.com/watch?v=oZpYEEcvu5I,oZpYEEcvu5I,UCp74ruKv2sUiI2HqEhH8pRw,PT3M40S,confirmed_music,music_channel,
At Bantam 🍷✨ Yakuza Bar/Cafe OST Mix,Wildreamz,2026-08-16 22:51:15+00:00,https://www.youtube.com/watch?v=Q0GtyZbHJDM,Q0GtyZbHJDM,UCluCw344320XBIk6m6I9caQ,PT53M25S,probable_music,weak_music_title,['ost']
Ado - アイ・アイ・ア / THE FIRST TAKE,THE FIRST TAKE,2026-08-17 02:30:42+00:00,https://www.youtube.com/watch?v=d1BG-5F9wo8,d1BG-5F9wo8,UC9zY_E8mcAo_Oq772LEZq8Q,PT5M,confirmed_music,music_channel,
【Ado】ヒバナ 歌いました,Ado,2026-08-17 02:36:21+00:00,https://www.youtube.com/watch?v=EFsSYiNl2AQ,EFsSYiNl2AQ,UCln9P4Qm3-EAY4aiEPmRwEA,PT3M26S,confirmed_music,music_channel,
Ado - Dawn and Fireflies (夜明けと蛍) Lyrics w/ Furigana | [Kan/Rom/Eng] ふりがな 歌詞 - Yoake to Hotaru,Yxelixi,2026-08-17 02:39:50+00:00,https://www.youtube.com/watch?v=nXlX3cPzJCY,nXlX3cPzJCY,UCfOrxHfd8G8kKJENJGlWVWg,PT5M9S,confirmed_music,music_channel,
mumei / 常闇トワ(cover),Towa Ch. 常闇トワ,2026-08-17 02:45:03+00:00,https://www.youtube.com/watch?v=msqnELT59Nk,msqnELT59Nk,UC1uv2Oq6kNxgATlCiez59hw,PT4M23S,confirmed_music,music_channel,
ムーンライト / 星街すいせい(official),Suisei Channel,2026-08-17 02:49:26+00:00,https://www.youtube.com/watch?v=UmN7Fr_Kf-8,UmN7Fr_Kf-8,UC5CwaMl1eIgY8h02uZw7u8A,PT3M26S,confirmed_music,music_channel,
Undertale Theme Medley - Acoustic Guitar Cover,With Ether,2026-08-17 09:16:42+00:00,https://www.youtube.com/watch?v=l8HkQ2i7cn8,l8HkQ2i7cn8,UCYq54lxunb1GJJjlglLtBSg,PT9M3S,confirmed_music,music_channel,
奏  - スキマスイッチ (Cover) / VESPERBELL ヨミ,VESPERBELL_YM,2026-08-17 09:23:54+00:00,https://www.youtube.com/watch?v=-BYdGfsSrHA,-BYdGfsSrHA,UCREUB-PjfMdI0KziJy-u0TQ,PT5M30S,confirmed_music,music_channel,
【imase】NIGHT DANCER（MV）,imase,2026-08-17 09:25:44+00:00,https://www.youtube.com/watch?v=kagoEGKHZvU,kagoEGKHZvU,UC4Kape5ARQ-konOZSw2yawA,PT3M31S,confirmed_music,music_channel,
【歌ってみた】喜劇 カバー 羊羊｜フルVer. #星野源 #SPY_FAMILY,羊羊🐏meimei,2026-08-17 09:28:27+00:00,https://www.youtube.com/watch?v=p_l3LANRAHU,p_l3LANRAHU,UCHT_vElA_6ERjOvRbww01dw,PT4M2S,confirmed_music,music_channel,
【ウマ娘】Make debut! (パート分け/Color Coded/Lyrics)【ウマ娘1期OP】【メイクデビュー!】,🐈Kogane Music,2026-08-17 09:37:25+00:00,https://www.youtube.com/watch?v=alIBSNGQdFs,alIBSNGQdFs,UCj1kPydcCE2roLSmWM1r5ag,PT4M43S,confirmed_music,music_channel,
めにしゅき♡ラッシュっしゅ！,Release - Topic,2026-08-17 09:42:53+00:00,https://www.youtube.com/watch?v=8ULbYqRtlMQ,8ULbYqRtlMQ,UCUAFUdeaEUeDCkAJMc4cT5Q,PT3M58S,confirmed_music,distributed_music_release,
八月、某、月明かり ver. nui,nui,2026-08-17 09:49:17+00:00,https://www.youtube.com/watch?v=bPiU8ZFEoDg,bPiU8ZFEoDg,UCWicIpAinE2yrWohpRuERZg,PT4M37S,confirmed_music,music_channel,
【Cover】わたしのアール(和田たけあき) / 奏手イヅル,Izuru Ch. 奏手イヅル,2026-08-17 09:50:40+00:00,https://www.youtube.com/watch?v=yaHIF31WvAI,yaHIF31WvAI,UCZgOv3YDEs-ZnZWDYVwJdmA,PT3M36S,confirmed_music,strong_music_title,['cover']
"Shoshimin: How to become Ordinary Season 2 - Opening FULL ""Martian"" by Yorushika (Lyrics)",Jamong,2026-08-17 09:51:51+00:00,https://www.youtube.com/watch?v=e2V-3-ZYIzc,e2V-3-ZYIzc,UCJYX9zpBTFJDaQmasSle3TA,PT3M56S,confirmed_music,music_channel,
HIMEHINA×Nornis（戌亥とこ&町田ちま）『ブリキノダンス』Cover,HIMEHINA Channel,2026-08-17 09:55:00+00:00,https://www.youtube.com/watch?v=u6OKRQDpC_s,u6OKRQDpC_s,UCFv2z4iM5vHrS8bZPq4fHQQ,PT3M28S,confirmed_music,music_channel,
YOASOBI「群青」Official Music Video,YOASOBI,2026-08-17 09:58:29+00:00,https://www.youtube.com/watch?v=Y4nEEZwckuU,Y4nEEZwckuU,UCvpredjG93ifbCP1Y77JyFA,PT4M23S,confirmed_music,music_channel,
ただ君に晴れ/ヨルシカ【弾き語りカバー】,青い子 / AOIKO,2026-08-17 10:03:07+00:00,https://www.youtube.com/watch?v=Kt9Bjvh4tfg,Kt9Bjvh4tfg,UCOuF8HWq9_2xV3vVE6eKWRQ,PT3M31S,confirmed_music,music_channel,
"【City Pop】""平凡な毎日""こそ最高の贅沢。圧倒的多幸感に包まれるグルーヴィーチューン【Tosh Kamura - Ordinary, Extraordinary】",Tosh Kamura (Official),2026-08-17 10:05:14+00:00,https://www.youtube.com/watch?v=yHoG_dkC57U,yHoG_dkC57U,UCfaVkwf1NT6d24ThtE-wkGw,PT4M26S,confirmed_music,music_channel,
星座になれたら/結束バンド【弾き語りカバー】,青い子 / AOIKO,2026-08-17 10:06:09+00:00,https://www.youtube.com/watch?v=gX9Y1CkE_vg,gX9Y1CkE_vg,UCOuF8HWq9_2xV3vVE6eKWRQ,PT4M21S,confirmed_music,music_channel,
八月、某、月明かり/ヨルシカ【弾き語りカバー】,青い子 / AOIKO,2026-08-17 10:07:48+00:00,https://www.youtube.com/watch?v=MCkvbzDYSiY,MCkvbzDYSiY,UCOuF8HWq9_2xV3vVE6eKWRQ,PT4M47S,confirmed_music,music_channel,
だから僕は音楽を辞めた/ヨルシカ【弾き語りカバー】,青い子 / AOIKO,2026-08-17 10:08:18+00:00,https://www.youtube.com/watch?v=n1nVnd7qgO4,n1nVnd7qgO4,UCOuF8HWq9_2xV3vVE6eKWRQ,PT4M4S,confirmed_music,music_channel,
【Ado】ギラギラ,Ado,2026-08-17 14:00:42+00:00,https://www.youtube.com/watch?v=sOiMD45QGLs,sOiMD45QGLs,UCln9P4Qm3-EAY4aiEPmRwEA,PT4M37S,confirmed_music,music_channel,
Armored Core 20th Anniversary Special Disk 02: 12 - Mechanized Memories - in the end -,Zip,2026-08-17 14:34:06+00:00,https://www.youtube.com/watch?v=lBmPvWyQ-HY,lBmPvWyQ-HY,UChfSS7nboZSuf8D0MW9v6XA,PT5M28S,confirmed_music,music_channel,
Mechanized Memories,FreQuency - Topic,2026-08-17 14:39:34+00:00,https://www.youtube.com/watch?v=Wp3t9Nwjr_8,Wp3t9Nwjr_8,UCso8EafhT3TzkVYvT37lGag,PT4M29S,confirmed_music,music_channel,
ツユ - 過去に囚われている MV,ツユ,2026-08-17 14:43:14+00:00,https://www.youtube.com/watch?v=lGFEqEFJ410,lGFEqEFJ410,UCB2tP2QfRG7hTra0KTOtTBg,PT3M51S,confirmed_music,music_channel,
ツユ - 泥の分際で私だけの大切を奪おうだなんて MV,ツユ,2026-08-17 14:47:04+00:00,https://www.youtube.com/watch?v=M7FH1dL51oU,M7FH1dL51oU,UCB2tP2QfRG7hTra0KTOtTBg,PT3M14S,confirmed_music,music_channel,
【Ado】踊,Ado,2026-08-17 16:24:56+00:00,https://www.youtube.com/watch?v=YnSW8ian29w,YnSW8ian29w,UCln9P4Qm3-EAY4aiEPmRwEA,PT3M29S,confirmed_music,music_channel,
Imagine Dragons - Take Me To The Beach (feat. Ado) (Official Lyric Video),ImagineDragonsVEVO,2026-08-17 16:25:43+00:00,https://www.youtube.com/watch?v=5Duje_sZko8,5Duje_sZko8,UCpx_k19S2vUutWUUM9qmXEg,PT2M48S,confirmed_music,music_channel,
Push The Feeling On - Nightcrawlers (Lyrics),TikTokPlay,2026-08-19 08:21:33+00:00,https://www.youtube.com/watch?v=JdcSszMwd5s,JdcSszMwd5s,UCQ860sU_MwT4JH7gkJUbwxw,PT4M4S,confirmed_music,music_channel,
奏  - スキマスイッチ (Cover) / VESPERBELL ヨミ,VESPERBELL_YM,2026-08-19 08:33:16+00:00,https://www.youtube.com/watch?v=-BYdGfsSrHA,-BYdGfsSrHA,UCREUB-PjfMdI0KziJy-u0TQ,PT5M30S,confirmed_music,music_channel,
【歌ってみた】喜劇 カバー 羊羊｜フルVer. #星野源 #SPY_FAMILY,羊羊🐏meimei,2026-08-19 08:38:48+00:00,https://www.youtube.com/watch?v=p_l3LANRAHU,p_l3LANRAHU,UCHT_vElA_6ERjOvRbww01dw,PT4M2S,confirmed_music,music_channel,
Nightcore / Sped Up → Ai Đưa Em Về (Rock Version/Cover),Sen,2026-08-19 08:43:14+00:00,https://www.youtube.com/watch?v=mgDiwGWu9vA,mgDiwGWu9vA,UCiOPAnYULQ0P97xmPDB5Zrw,PT3M35S,confirmed_music,music_channel,
Why Do I (with Hatsune Miku),Set It Off,2026-08-19 08:46:49+00:00,https://www.youtube.com/watch?v=HMFNXgu7L3Q,HMFNXgu7L3Q,UCB1bJqKXS3lpy8HdW0P1zrQ,PT2M36S,confirmed_music,music_channel,
アンノウン・マザーグース（cover）/ 相沢,Aizawa channel,2026-08-19 08:49:25+00:00,https://www.youtube.com/watch?v=TMxduggTXiA,TMxduggTXiA,UCAeW1LipMgF16mgtl3WFUJg,PT4M34S,confirmed_music,music_channel,
【Ado】MIRROR,Ado,2026-08-19 08:51:21+00:00,https://www.youtube.com/watch?v=zsBBWBEZkFQ,zsBBWBEZkFQ,UCln9P4Qm3-EAY4aiEPmRwEA,PT3M,confirmed_music,music_channel,
"Driving In My Car (Asgore Runs Over Dess), but Heavenly. Full version + Animation by @xmikamarble",MyaMusical,2026-08-19 21:01:01+00:00,https://www.youtube.com/watch?v=X0ScOY7XyuY,X0ScOY7XyuY,UCRHYD4nbTroozZ1DKRr9EXA,PT3M1S,probable_music,youtube_music_category_only,
Alicorn,PROJECT ACES - Topic,2026-08-20 02:30:29+00:00,https://www.youtube.com/watch?v=ecyyVx4mRs4,ecyyVx4mRs4,UCQriBENBqZMAMyI4TlLBZFQ,PT3M54S,confirmed_music,music_channel,
Daredevil,PROJECT ACES - Topic,2026-08-20 02:31:53+00:00,https://www.youtube.com/watch?v=_h6QFqGla7E,_h6QFqGla7E,UCQriBENBqZMAMyI4TlLBZFQ,PT5M22S,confirmed_music,music_channel,
Why Do I (with Hatsune Miku),Set It Off,2026-08-20 02:37:51+00:00,https://www.youtube.com/watch?v=HMFNXgu7L3Q,HMFNXgu7L3Q,UCB1bJqKXS3lpy8HdW0P1zrQ,PT2M36S,confirmed_music,music_channel,
Nightcrawlers - Push The Feeling On,NightcrawlersVEVO,2026-08-20 04:57:15+00:00,https://www.youtube.com/watch?v=7-BnB3xxUoA,7-BnB3xxUoA,UCq6dphdPAIixL5sLsUMvY_A,PT4M3S,confirmed_music,music_channel,
Nightcore / Sped Up → Ai Đưa Em Về (Rock Version/Cover),Sen,2026-08-21 06:03:44+00:00,https://www.youtube.com/watch?v=mgDiwGWu9vA,mgDiwGWu9vA,UCiOPAnYULQ0P97xmPDB5Zrw,PT3M35S,confirmed_music,music_channel,
【歌ってみた】喜劇 カバー 羊羊｜フルVer. #星野源 #SPY_FAMILY,羊羊🐏meimei,2026-08-21 06:07:18+00:00,https://www.youtube.com/watch?v=p_l3LANRAHU,p_l3LANRAHU,UCHT_vElA_6ERjOvRbww01dw,PT4M2S,confirmed_music,music_channel,
奏  - スキマスイッチ (Cover) / VESPERBELL ヨミ,VESPERBELL_YM,2026-08-21 06:11:20+00:00,https://www.youtube.com/watch?v=-BYdGfsSrHA,-BYdGfsSrHA,UCREUB-PjfMdI0KziJy-u0TQ,PT5M30S,confirmed_music,music_channel,
【Ado】オールナイトレディオ,Ado,2026-08-21 06:16:51+00:00,https://www.youtube.com/watch?v=lfw8W3uWO7s,lfw8W3uWO7s,UCln9P4Qm3-EAY4aiEPmRwEA,PT3M35S,confirmed_music,music_channel,
アンノウン・マザーグース（cover）/ 相沢,Aizawa channel,2026-08-21 06:22:53+00:00,https://www.youtube.com/watch?v=TMxduggTXiA,TMxduggTXiA,UCAeW1LipMgF16mgtl3WFUJg,PT4M34S,confirmed_music,music_channel,
【Ado】 唱,Ado,2026-08-21 07:15:06+00:00,https://www.youtube.com/watch?v=pgXpM4l_MwI,pgXpM4l_MwI,UCln9P4Qm3-EAY4aiEPmRwEA,PT3M10S,confirmed_music,music_channel,
"SLOW + REVERB: Driving In My Car Asgore Runs Over Dess, but heavenly (Animation by @xmikamarble)",MyaMusical,2026-08-22 11:27:18+00:00,https://www.youtube.com/watch?v=QReZa1qZsL0,QReZa1qZsL0,UCRHYD4nbTroozZ1DKRr9EXA,PT3M40S,probable_music,youtube_music_category_only,
"Driving In My Car (Asgore Runs Over Dess), but Heavenly. Full version + Animation by @xmikamarble",MyaMusical,2026-08-22 11:27:26+00:00,https://www.youtube.com/watch?v=X0ScOY7XyuY,X0ScOY7XyuY,UCRHYD4nbTroozZ1DKRr9EXA,PT3M1S,probable_music,youtube_music_category_only,
"""Violet Snow"" (Violet Evergarden) 🍓 Cover by Lizz Robinett ft. The Goatee",Lizz Robinett,2026-08-22 11:30:27+00:00,https://www.youtube.com/watch?v=FqRXXj3ejoc,FqRXXj3ejoc,UCq36dja_0U4SgB3wYVtr_Zw,PT2M54S,confirmed_music,music_channel,
Halo 3: ODST Disc 1 OST 04 Deference for Darkness,Oliver Udholm,2026-08-22 11:38:00+00:00,https://www.youtube.com/watch?v=346rm-hPLA4,346rm-hPLA4,UCOcBkHtAOIgNjd8rtpMpBXg,PT6M39S,confirmed_music,music_channel,
"Go To Sleep, She Isn't Coming Back.",Ashvale,2026-08-22 15:04:55+00:00,https://www.youtube.com/watch?v=Qp7WhQQULvo,Qp7WhQQULvo,UC1wFs7oJqeHJ6naA2ZsjB-A,PT1H1M44S,confirmed_music,music_channel,
白日 / King Gnu (Covered by レヴィ・エリファ),レヴィ・エリファ-Levi Elipha-,2026-08-22 22:29:21+00:00,https://www.youtube.com/watch?v=aOBlC6uxdHU,aOBlC6uxdHU,UCtnO2N4kPTXmyvedjGWdx3Q,PT4M35S,probable_music,youtube_music_category_only,
【歌ってみた】喜劇 カバー 羊羊｜フルVer. #星野源 #SPY_FAMILY,羊羊🐏meimei,2026-08-22 22:33:56+00:00,https://www.youtube.com/watch?v=p_l3LANRAHU,p_l3LANRAHU,UCHT_vElA_6ERjOvRbww01dw,PT4M2S,confirmed_music,music_channel,
奏  - スキマスイッチ (Cover) / VESPERBELL ヨミ,VESPERBELL_YM,2026-08-22 22:37:59+00:00,https://www.youtube.com/watch?v=-BYdGfsSrHA,-BYdGfsSrHA,UCREUB-PjfMdI0KziJy-u0TQ,PT5M30S,confirmed_music,music_channel,
Official髭男dism - Pretender［Official Video］,Official髭男dism,2026-08-22 22:43:30+00:00,https://www.youtube.com/watch?v=TQ8WlA2GXbk,TQ8WlA2GXbk,UC3vg17IZ1IV73xx069jG44w,PT5M36S,confirmed_music,music_channel,
Ado - Dawn and Fireflies (夜明けと蛍) Lyrics w/ Furigana | [Kan/Rom/Eng] ふりがな 歌詞 - Yoake to Hotaru,Yxelixi,2026-08-22 22:48:55+00:00,https://www.youtube.com/watch?v=nXlX3cPzJCY,nXlX3cPzJCY,UCfOrxHfd8G8kKJENJGlWVWg,PT5M9S,confirmed_music,music_channel,
Nightcore / Sped Up → Ai Đưa Em Về (Rock Version/Cover),Sen,2026-08-22 22:48:57+00:00,https://www.youtube.com/watch?v=mgDiwGWu9vA,mgDiwGWu9vA,UCiOPAnYULQ0P97xmPDB5Zrw,PT3M35S,confirmed_music,music_channel,
アンノウン・マザーグース（cover）/ 相沢,Aizawa channel,2026-08-22 22:52:55+00:00,https://www.youtube.com/watch?v=TMxduggTXiA,TMxduggTXiA,UCAeW1LipMgF16mgtl3WFUJg,PT4M34S,confirmed_music,music_channel,
【歌ってみた】喜劇 カバー 羊羊｜フルVer. #星野源 #SPY_FAMILY,羊羊🐏meimei,2026-08-23 08:21:33+00:00,https://www.youtube.com/watch?v=p_l3LANRAHU,p_l3LANRAHU,UCHT_vElA_6ERjOvRbww01dw,PT4M2S,confirmed_music,music_channel,
奏  - スキマスイッチ (Cover) / VESPERBELL ヨミ,VESPERBELL_YM,2026-08-23 08:25:35+00:00,https://www.youtube.com/watch?v=-BYdGfsSrHA,-BYdGfsSrHA,UCREUB-PjfMdI0KziJy-u0TQ,PT5M30S,confirmed_music,music_channel,
【Ado】オールナイトレディオ,Ado,2026-08-23 08:31:06+00:00,https://www.youtube.com/watch?v=lfw8W3uWO7s,lfw8W3uWO7s,UCln9P4Qm3-EAY4aiEPmRwEA,PT3M35S,confirmed_music,music_channel,
ツユ - 過去に囚われている MV,ツユ,2026-08-23 08:36:02+00:00,https://www.youtube.com/watch?v=lGFEqEFJ410,lGFEqEFJ410,UCB2tP2QfRG7hTra0KTOtTBg,PT3M51S,confirmed_music,music_channel,
Nightcore / Sped Up → Ai Đưa Em Về (Rock Version/Cover),Sen,2026-08-23 08:48:00+00:00,https://www.youtube.com/watch?v=mgDiwGWu9vA,mgDiwGWu9vA,UCiOPAnYULQ0P97xmPDB5Zrw,PT3M35S,confirmed_music,music_channel,
白日 / King Gnu (Covered by レヴィ・エリファ),レヴィ・エリファ-Levi Elipha-,2026-08-23 08:51:16+00:00,https://www.youtube.com/watch?v=aOBlC6uxdHU,aOBlC6uxdHU,UCtnO2N4kPTXmyvedjGWdx3Q,PT4M35S,probable_music,youtube_music_category_only,
Umapyoi Legend Typebeat (Collab remix),Xhomie34,2026-08-23 08:56:23+00:00,https://www.youtube.com/watch?v=memuSurvPLI,memuSurvPLI,UCGp6EVXkTZtg0D7na3VwIjQ,PT4M27S,confirmed_music,music_channel,
【Ado】オールナイトレディオ,Ado,2026-08-24 00:19:21+00:00,https://www.youtube.com/watch?v=lfw8W3uWO7s,lfw8W3uWO7s,UCln9P4Qm3-EAY4aiEPmRwEA,PT3M35S,confirmed_music,music_channel,
"Driving In My Car (Asgore Runs Over Dess), but Heavenly. Full version + Animation by @xmikamarble",MyaMusical,2026-08-24 02:08:47+00:00,https://www.youtube.com/watch?v=X0ScOY7XyuY,X0ScOY7XyuY,UCRHYD4nbTroozZ1DKRr9EXA,PT3M1S,probable_music,youtube_music_category_only,
奏  - スキマスイッチ (Cover) / VESPERBELL ヨミ,VESPERBELL_YM,2026-08-24 04:37:59+00:00,https://www.youtube.com/watch?v=-BYdGfsSrHA,-BYdGfsSrHA,UCREUB-PjfMdI0KziJy-u0TQ,PT5M30S,confirmed_music,music_channel,
【歌ってみた】喜劇 カバー 羊羊｜フルVer. #星野源 #SPY_FAMILY,羊羊🐏meimei,2026-08-24 12:33:44+00:00,https://www.youtube.com/watch?v=p_l3LANRAHU,p_l3LANRAHU,UCHT_vElA_6ERjOvRbww01dw,PT4M2S,confirmed_music,music_channel,
ツユ - 過去に囚われている MV,ツユ,2026-08-24 12:37:46+00:00,https://www.youtube.com/watch?v=lGFEqEFJ410,lGFEqEFJ410,UCB2tP2QfRG7hTra0KTOtTBg,PT3M51S,confirmed_music,music_channel,
Nightcore / Sped Up → Ai Đưa Em Về (Rock Version/Cover),Sen,2026-08-24 13:01:53+00:00,https://www.youtube.com/watch?v=mgDiwGWu9vA,mgDiwGWu9vA,UCiOPAnYULQ0P97xmPDB5Zrw,PT3M35S,confirmed_music,music_channel,
ウマすぎ！グルメパレード (Game Size),Special Week (CV: Azumi Waki) - Topic,2026-08-24 15:11:35+00:00,https://www.youtube.com/watch?v=rELUXmD2mOY,rELUXmD2mOY,UCStIhfpVl97S1jIwZmj_zYg,PT2M15S,confirmed_music,music_channel,
白日 / King Gnu (Covered by レヴィ・エリファ),レヴィ・エリファ-Levi Elipha-,2026-08-24 15:15:04+00:00,https://www.youtube.com/watch?v=aOBlC6uxdHU,aOBlC6uxdHU,UCtnO2N4kPTXmyvedjGWdx3Q,PT4M35S,probable_music,youtube_music_category_only,
アンノウン・マザーグース（cover）/ 相沢,Aizawa channel,2026-08-24 15:46:14+00:00,https://www.youtube.com/watch?v=TMxduggTXiA,TMxduggTXiA,UCAeW1LipMgF16mgtl3WFUJg,PT4M34S,confirmed_music,music_channel,
Nightcore / Sped Up → Ai Đưa Em Về (Rock Version/Cover),Sen,2026-08-25 15:51:48+00:00,https://www.youtube.com/watch?v=mgDiwGWu9vA,mgDiwGWu9vA,UCiOPAnYULQ0P97xmPDB5Zrw,PT3M35S,confirmed_music,music_channel,
【MV】HELP!!  - Kobo Kanaeru,Kobo Kanaeru Ch. hololive-ID,2026-08-25 15:55:24+00:00,https://www.youtube.com/watch?v=50Ura_ZcSvY,50Ura_ZcSvY,UCjLEmnpCNeisMxy134KPwWw,PT3M8S,confirmed_music,strong_music_title,['mv']
"Có Công mài ""Sắc"" - Ngô Lan hương [ Lyrics // Speed Up ] | Michiru (Dress) - Blue Archive Live2D",SArisu Chill,2026-08-25 15:58:32+00:00,https://www.youtube.com/watch?v=Uzg7cp-RcJ8,Uzg7cp-RcJ8,UCKOlbYVgRsefC9bejzMnacA,PT3M2S,confirmed_music,music_channel,
Night Dancer - Imase [ Lyrics // Speed Up ] | Ui - Blue Archive Live2D,SArisu Chill,2026-08-25 16:01:35+00:00,https://www.youtube.com/watch?v=S_ecpx7jLt4,S_ecpx7jLt4,UCKOlbYVgRsefC9bejzMnacA,PT2M41S,confirmed_music,music_channel,
【holo*27 MV】星街すいせい - プラネタリウム【ホロライブ x DECO*27】,Suisei Channel,2026-08-25 16:05:40+00:00,https://www.youtube.com/watch?v=hAI-qjw6J-A,hAI-qjw6J-A,UC5CwaMl1eIgY8h02uZw7u8A,PT3M58S,confirmed_music,music_channel,
奏  - スキマスイッチ (Cover) / VESPERBELL ヨミ,VESPERBELL_YM,2026-08-25 16:05:59+00:00,https://www.youtube.com/watch?v=-BYdGfsSrHA,-BYdGfsSrHA,UCREUB-PjfMdI0KziJy-u0TQ,PT5M30S,confirmed_music,music_channel,
Persona 5 ‖  With the Stars & Us ‖  ENGLISH ver. by @TheConsoulsBand  & Sapphire,Sapphire,2026-08-26 04:25:27+00:00,https://www.youtube.com/watch?v=fobU-VheouA,fobU-VheouA,UCShq6Ckk5c8CJyfs1X9BY-g,PT6M17S,confirmed_music,music_channel,
白日 / King Gnu (Covered by レヴィ・エリファ),レヴィ・エリファ-Levi Elipha-,2026-08-26 09:43:19+00:00,https://www.youtube.com/watch?v=aOBlC6uxdHU,aOBlC6uxdHU,UCtnO2N4kPTXmyvedjGWdx3Q,PT4M35S,probable_music,youtube_music_category_only,
【歌ってみた】喜劇 カバー 羊羊｜フルVer. #星野源 #SPY_FAMILY,羊羊🐏meimei,2026-08-26 09:48:37+00:00,https://www.youtube.com/watch?v=p_l3LANRAHU,p_l3LANRAHU,UCHT_vElA_6ERjOvRbww01dw,PT4M2S,confirmed_music,music_channel,
"Persona 5 Royal ‖  ""No More What Ifs"" ‖  @TheConsoulsBand  feat. Sapphire",Sapphire,2026-08-26 09:52:04+00:00,https://www.youtube.com/watch?v=2VpJuuGcgjw,2VpJuuGcgjw,UCShq6Ckk5c8CJyfs1X9BY-g,PT4M26S,confirmed_music,music_channel,
Nightcore / Sped Up → Ai Đưa Em Về (Rock Version/Cover),Sen,2026-08-26 09:56:29+00:00,https://www.youtube.com/watch?v=mgDiwGWu9vA,mgDiwGWu9vA,UCiOPAnYULQ0P97xmPDB5Zrw,PT3M35S,confirmed_music,music_channel,
奏  - スキマスイッチ (Cover) / VESPERBELL ヨミ,VESPERBELL_YM,2026-08-26 10:00:05+00:00,https://www.youtube.com/watch?v=-BYdGfsSrHA,-BYdGfsSrHA,UCREUB-PjfMdI0KziJy-u0TQ,PT5M30S,confirmed_music,music_channel,
【MV】HELP!!  - Kobo Kanaeru,Kobo Kanaeru Ch. hololive-ID,2026-08-26 10:18:39+00:00,https://www.youtube.com/watch?v=50Ura_ZcSvY,50Ura_ZcSvY,UCjLEmnpCNeisMxy134KPwWw,PT3M8S,confirmed_music,strong_music_title,['mv']
アンノウン・マザーグース（cover）/ 相沢,Aizawa channel,2026-08-26 10:36:30+00:00,https://www.youtube.com/watch?v=TMxduggTXiA,TMxduggTXiA,UCAeW1LipMgF16mgtl3WFUJg,PT4M34S,confirmed_music,music_channel,
Why Do I (with Hatsune Miku),Set It Off,2026-08-27 13:28:11+00:00,https://www.youtube.com/watch?v=HMFNXgu7L3Q,HMFNXgu7L3Q,UCB1bJqKXS3lpy8HdW0P1zrQ,PT2M36S,confirmed_music,music_channel,
Set It Off - Why Do I,Set It Off,2026-08-27 13:28:38+00:00,https://www.youtube.com/watch?v=b6v9yaLYg3c,b6v9yaLYg3c,UCB1bJqKXS3lpy8HdW0P1zrQ,PT2M36S,confirmed_music,music_channel,
Nightcore / Sped Up → Ai Đưa Em Về (Rock Version/Cover),Sen,2026-08-27 13:31:45+00:00,https://www.youtube.com/watch?v=mgDiwGWu9vA,mgDiwGWu9vA,UCiOPAnYULQ0P97xmPDB5Zrw,PT3M35S,confirmed_music,music_channel,
奏  - スキマスイッチ (Cover) / VESPERBELL ヨミ,VESPERBELL_YM,2026-08-27 13:31:57+00:00,https://www.youtube.com/watch?v=-BYdGfsSrHA,-BYdGfsSrHA,UCREUB-PjfMdI0KziJy-u0TQ,PT5M30S,confirmed_music,music_channel,
【歌ってみた】喜劇 カバー 羊羊｜フルVer. #星野源 #SPY_FAMILY,羊羊🐏meimei,2026-08-27 13:36:57+00:00,https://www.youtube.com/watch?v=p_l3LANRAHU,p_l3LANRAHU,UCHT_vElA_6ERjOvRbww01dw,PT4M2S,confirmed_music,music_channel,
【MV】HELP!!  - Kobo Kanaeru,Kobo Kanaeru Ch. hololive-ID,2026-08-27 13:44:35+00:00,https://www.youtube.com/watch?v=50Ura_ZcSvY,50Ura_ZcSvY,UCjLEmnpCNeisMxy134KPwWw,PT3M8S,confirmed_music,strong_music_title,['mv']
No More What Ifs,Lyn - Topic,2026-08-28 00:32:39+00:00,https://www.youtube.com/watch?v=GOTDmQ_gGwI,GOTDmQ_gGwI,UCJDvRiWvolEhRLPAVoOzGTA,PT4M1S,confirmed_music,music_channel,
When The Moon's Reaching Out Stars -Reload-,Azumi Takahashi - Topic,2026-08-28 00:44:04+00:00,https://www.youtube.com/watch?v=GZTp2JzcOJ0,GZTp2JzcOJ0,UCPvaDaeCvULM4x1HOAwBcOw,PT3M28S,confirmed_music,music_channel,
Umapyoi Celebrity,Release - Topic,2026-08-28 00:44:14+00:00,https://www.youtube.com/watch?v=RQvTU0b386E,RQvTU0b386E,UCQ4Nst9x2q4gZ3x9OHt4jTA,PT2M35S,confirmed_music,distributed_music_release,
"KOMM, SUSSER TOD M-10 Director's Edit Version | Evangelion Finally",Milan Records USA,2026-08-28 00:47:17+00:00,https://www.youtube.com/watch?v=hoKluzn07eQ,hoKluzn07eQ,UCjg1s-_biCpF9fQM1r0IiyA,PT7M53S,confirmed_music,music_channel,
めにしゅき♡ラッシュっしゅ！,Release - Topic,2026-08-28 01:01:34+00:00,https://www.youtube.com/watch?v=8ULbYqRtlMQ,8ULbYqRtlMQ,UCUAFUdeaEUeDCkAJMc4cT5Q,PT3M58S,confirmed_music,distributed_music_release,
Rivers In the Desert,Lyn - Topic,2026-08-28 04:32:50+00:00,https://www.youtube.com/watch?v=lvuHvXsZPrk,lvuHvXsZPrk,UCJDvRiWvolEhRLPAVoOzGTA,PT5M16S,confirmed_music,music_channel,
Make a new track!! シニア級,Release - Topic,2026-08-28 04:34:23+00:00,https://www.youtube.com/watch?v=tB6O9MihsVg,tB6O9MihsVg,UCMSLsPmUZwCDRksinMgc5ZA,PT2M48S,confirmed_music,distributed_music_release,
トレセン音頭,Narita Brian (CV: Rika Kinugawa) - Topic,2026-08-28 07:27:59+00:00,https://www.youtube.com/watch?v=K2MLBGo_su8,K2MLBGo_su8,UCYCpcNz_a-MArbjPLc7g7SQ,PT2M53S,confirmed_music,music_channel,
Ms. VICTORIA,Tokai Teio (CV: Machico) - Topic,2026-08-28 07:40:40+00:00,https://www.youtube.com/watch?v=vsnyQd6Ur-M,vsnyQd6Ur-M,UC7Vz3bT7LxjlivNcN0dmfBA,PT4M48S,confirmed_music,music_channel,
BLOW my GALE,Release - Topic,2026-08-28 07:45:28+00:00,https://www.youtube.com/watch?v=7OuVm8V122Q,7OuVm8V122Q,UCqhMnaNQCD4yBfxFpL66_OQ,PT5M8S,confirmed_music,distributed_music_release,
【歌ってみた】喜劇 カバー 羊羊｜フルVer. #星野源 #SPY_FAMILY,羊羊🐏meimei,2026-08-28 07:56:08+00:00,https://www.youtube.com/watch?v=p_l3LANRAHU,p_l3LANRAHU,UCHT_vElA_6ERjOvRbww01dw,PT4M2S,confirmed_music,music_channel,
Signs Of Love,Shihoko Hirata - Topic,2026-08-28 08:48:51+00:00,https://www.youtube.com/watch?v=tTu-Uhlu4RU,tTu-Uhlu4RU,UCM6d81fSoNru8U5YNxKwYyQ,PT3M1S,confirmed_music,music_channel,
Set It Off - Why Do I,Set It Off,2026-08-28 08:52:11+00:00,https://www.youtube.com/watch?v=b6v9yaLYg3c,b6v9yaLYg3c,UCB1bJqKXS3lpy8HdW0P1zrQ,PT2M36S,confirmed_music,music_channel,
Nightcore / Sped Up → Ai Đưa Em Về (Rock Version/Cover),Sen,2026-08-28 08:54:47+00:00,https://www.youtube.com/watch?v=mgDiwGWu9vA,mgDiwGWu9vA,UCiOPAnYULQ0P97xmPDB5Zrw,PT3M35S,confirmed_music,music_channel,
Imagine Dragons - Take Me To The Beach (feat. Ado) (Official Lyric Video),ImagineDragonsVEVO,2026-08-28 08:58:23+00:00,https://www.youtube.com/watch?v=5Duje_sZko8,5Duje_sZko8,UCpx_k19S2vUutWUUM9qmXEg,PT2M48S,confirmed_music,music_channel,
【Ado】MIRROR,Ado,2026-08-28 09:03:33+00:00,https://www.youtube.com/watch?v=zsBBWBEZkFQ,zsBBWBEZkFQ,UCln9P4Qm3-EAY4aiEPmRwEA,PT3M,confirmed_music,music_channel,
【Ado】オールナイトレディオ,Ado,2026-08-28 09:06:33+00:00,https://www.youtube.com/watch?v=lfw8W3uWO7s,lfw8W3uWO7s,UCln9P4Qm3-EAY4aiEPmRwEA,PT3M35S,confirmed_music,music_channel,
だから僕は音楽を辞めた/ヨルシカ【弾き語りカバー】,青い子 / AOIKO,2026-08-28 09:10:10+00:00,https://www.youtube.com/watch?v=n1nVnd7qgO4,n1nVnd7qgO4,UCOuF8HWq9_2xV3vVE6eKWRQ,PT4M4S,confirmed_music,music_channel,
ねむるまち feat.yama  (Official Video),くじらofficial,2026-08-28 09:25:19+00:00,https://www.youtube.com/watch?v=ePBjUMEeqBw,ePBjUMEeqBw,UC2r-wVWZXY-ClUPanhPe8_w,PT3M18S,confirmed_music,music_channel,
ヨルシカ - 盗作（OFFICIAL VIDEO）,ヨルシカ / n-buna Official,2026-08-28 09:28:38+00:00,https://www.youtube.com/watch?v=CS4f3jawFxY,CS4f3jawFxY,UCRIgIJQWuBJ0Cv_VlU3USNA,PT4M6S,confirmed_music,music_channel,
"Persona 5 Royal ‖  ""No More What Ifs"" ‖  @TheConsoulsBand  feat. Sapphire",Sapphire,2026-08-28 11:22:05+00:00,https://www.youtube.com/watch?v=2VpJuuGcgjw,2VpJuuGcgjw,UCShq6Ckk5c8CJyfs1X9BY-g,PT4M26S,confirmed_music,music_channel,
白日 / King Gnu (Covered by レヴィ・エリファ),レヴィ・エリファ-Levi Elipha-,2026-08-28 11:31:56+00:00,https://www.youtube.com/watch?v=aOBlC6uxdHU,aOBlC6uxdHU,UCtnO2N4kPTXmyvedjGWdx3Q,PT4M35S,probable_music,youtube_music_category_only,
奏  - スキマスイッチ (Cover) / VESPERBELL ヨミ,VESPERBELL_YM,2026-08-28 11:36:53+00:00,https://www.youtube.com/watch?v=-BYdGfsSrHA,-BYdGfsSrHA,UCREUB-PjfMdI0KziJy-u0TQ,PT5M30S,confirmed_music,music_channel,
Sakura Chiyono O doing workout,NeroChi,2026-08-28 18:29:02+00:00,https://www.youtube.com/watch?v=_XV3InDi6_8,_XV3InDi6_8,UCALqTpAUTbhEPShHnPVhXKg,PT20S,probable_music,youtube_music_category_only,
This Song Used to Be MY Song. It Still Is.,Utada Zoey Ch. 歌田ぞおい,2026-08-28 18:44:20+00:00,https://www.youtube.com/watch?v=flWAsvDrV38,flWAsvDrV38,UCKp8ba_60r68AJ4d-bz0kXQ,PT2M57S,probable_music,weak_music_title,['song']
"that one mambo singing bohemian rhapsody video i found on twitter except she actually ""sings""",sxndyalt,2026-08-29 07:42:25+00:00,https://www.youtube.com/watch?v=zbM9wBr5wko,zbM9wBr5wko,UCMvfnog5z4sTFZTzukYTyUQ,PT52S,confirmed_music,music_channel,
Why Do I (with Hatsune Miku),Set It Off,2026-08-29 12:19:56+00:00,https://www.youtube.com/watch?v=HMFNXgu7L3Q,HMFNXgu7L3Q,UCB1bJqKXS3lpy8HdW0P1zrQ,PT2M36S,confirmed_music,music_channel,
トレセン音頭,Narita Brian (CV: Rika Kinugawa) - Topic,2026-08-29 12:22:31+00:00,https://www.youtube.com/watch?v=K2MLBGo_su8,K2MLBGo_su8,UCYCpcNz_a-MArbjPLc7g7SQ,PT2M53S,confirmed_music,music_channel,
【歌ってみた】洗脳 / RADWIMPS (Cover by あかつき るき),あかつき るき / Akatsuki Luci,2026-08-29 12:28:22+00:00,https://www.youtube.com/watch?v=xRULdzv7KIM,xRULdzv7KIM,UCv0hpsgpGWYdBsotEA3_5fQ,PT5M36S,confirmed_music,music_channel,
白日 / King Gnu (Covered by レヴィ・エリファ),レヴィ・エリファ-Levi Elipha-,2026-08-29 12:33:59+00:00,https://www.youtube.com/watch?v=aOBlC6uxdHU,aOBlC6uxdHU,UCtnO2N4kPTXmyvedjGWdx3Q,PT4M35S,probable_music,youtube_music_category_only,
【Ado】オールナイトレディオ,Ado,2026-08-29 12:38:37+00:00,https://www.youtube.com/watch?v=lfw8W3uWO7s,lfw8W3uWO7s,UCln9P4Qm3-EAY4aiEPmRwEA,PT3M35S,confirmed_music,music_channel,
【Ado】MIRROR,Ado,2026-08-29 12:42:46+00:00,https://www.youtube.com/watch?v=zsBBWBEZkFQ,zsBBWBEZkFQ,UCln9P4Qm3-EAY4aiEPmRwEA,PT3M,confirmed_music,music_channel,
"Persona 5 Royal ‖  ""No More What Ifs"" ‖  @TheConsoulsBand  feat. Sapphire",Sapphire,2026-08-29 20:07:57+00:00,https://www.youtube.com/watch?v=2VpJuuGcgjw,2VpJuuGcgjw,UCShq6Ckk5c8CJyfs1X9BY-g,PT4M26S,confirmed_music,music_channel,
Why Do I (with Hatsune Miku),Set It Off,2026-08-30 02:10:23+00:00,https://www.youtube.com/watch?v=HMFNXgu7L3Q,HMFNXgu7L3Q,UCB1bJqKXS3lpy8HdW0P1zrQ,PT2M36S,confirmed_music,music_channel,
白日 / King Gnu (Covered by レヴィ・エリファ),レヴィ・エリファ-Levi Elipha-,2026-08-30 02:12:59+00:00,https://www.youtube.com/watch?v=aOBlC6uxdHU,aOBlC6uxdHU,UCtnO2N4kPTXmyvedjGWdx3Q,PT4M35S,probable_music,youtube_music_category_only,
【ウマ娘】GIRLS' LEGEND U (Game Size)【暫定版】 (パート分け/Color Coded/Lyrics)【ゲーム版ウマ娘メインテーマ】,🐈Kogane Music,2026-08-30 02:13:24+00:00,https://www.youtube.com/watch?v=9A6sxQdwImI,9A6sxQdwImI,UCj1kPydcCE2roLSmWM1r5ag,PT3M18S,confirmed_music,music_channel,
GIRLS' LEGEND U,Special Week (CV: Azumi Waki) - Topic,2026-08-30 02:14:23+00:00,https://www.youtube.com/watch?v=G7RmGsHxv-Q,G7RmGsHxv-Q,UCStIhfpVl97S1jIwZmj_zYg,PT4M52S,confirmed_music,music_channel,
トレセン音頭,Narita Brian (CV: Rika Kinugawa) - Topic,2026-08-30 02:19:14+00:00,https://www.youtube.com/watch?v=K2MLBGo_su8,K2MLBGo_su8,UCYCpcNz_a-MArbjPLc7g7SQ,PT2M53S,confirmed_music,music_channel,
チューリングカレアヤ,010鰤,2026-08-30 07:38:19+00:00,https://www.youtube.com/watch?v=C7nXG95Qdvk,C7nXG95Qdvk,UCSiq-QIrGyQf_hm3fhdPrVw,PT1M33S,confirmed_music,music_channel,
Umapyoi Celebrity,Release - Topic,2026-08-30 08:54:47+00:00,https://www.youtube.com/watch?v=RQvTU0b386E,RQvTU0b386E,UCQ4Nst9x2q4gZ3x9OHt4jTA,PT2M35S,confirmed_music,distributed_music_release,
トレセン音頭 -下剋上 Ver-,Release - Topic,2026-08-30 08:57:27+00:00,https://www.youtube.com/watch?v=RlDZgZvIQ5U,RlDZgZvIQ5U,UCQ4Nst9x2q4gZ3x9OHt4jTA,PT2M46S,confirmed_music,distributed_music_release,
凱旋門賞,Release - Topic,2026-08-30 10:20:06+00:00,https://www.youtube.com/watch?v=rBXEHLlRBj4,rBXEHLlRBj4,UCQ4Nst9x2q4gZ3x9OHt4jTA,PT2M13S,confirmed_music,distributed_music_release,
Nightcore / Sped Up → Ai Đưa Em Về (Rock Version/Cover),Sen,2026-08-30 10:20:30+00:00,https://www.youtube.com/watch?v=mgDiwGWu9vA,mgDiwGWu9vA,UCiOPAnYULQ0P97xmPDB5Zrw,PT3M35S,confirmed_music,music_channel,
Set It Off - Why Do I,Set It Off,2026-08-30 10:24:06+00:00,https://www.youtube.com/watch?v=b6v9yaLYg3c,b6v9yaLYg3c,UCB1bJqKXS3lpy8HdW0P1zrQ,PT2M36S,confirmed_music,music_channel,
凱旋門賞 最後の決戦,Release - Topic,2026-08-30 10:52:38+00:00,https://www.youtube.com/watch?v=CA1AVF7hLXY,CA1AVF7hLXY,UCQ4Nst9x2q4gZ3x9OHt4jTA,PT1M26S,confirmed_music,distributed_music_release,
Tears of orphans,MISIA - Topic,2026-08-30 10:59:59+00:00,https://www.youtube.com/watch?v=kD-TF4hkdEQ,kD-TF4hkdEQ,UCJbz6GhYvW-ov7OLEO32Jng,PT5M59S,confirmed_music,music_channel,
"Persona 5 Royal ‖  ""No More What Ifs"" ‖  @TheConsoulsBand  feat. Sapphire",Sapphire,2026-08-30 11:07:36+00:00,https://www.youtube.com/watch?v=2VpJuuGcgjw,2VpJuuGcgjw,UCShq6Ckk5c8CJyfs1X9BY-g,PT4M26S,confirmed_music,music_channel,
星街すいせい - Stellar Stellar / THE FIRST TAKE,THE FIRST TAKE,2026-08-30 11:07:48+00:00,https://www.youtube.com/watch?v=AAsRtnbDs-0,AAsRtnbDs-0,UC9zY_E8mcAo_Oq772LEZq8Q,PT6M6S,confirmed_music,music_channel,
Hana ni Bourei (Yorushika) - Inui Toko x Hoshimachi Suisei [ Lyrics / Nijisanji / Hololive ],Yudha - ユダ,2026-08-31 11:53:55+00:00,https://www.youtube.com/watch?v=2zh66iI3fVc,2zh66iI3fVc,UCbcIKmJbd_awLksdkwG7qRg,PT4M34S,confirmed_music,music_channel,
奏  - スキマスイッチ (Cover) / VESPERBELL ヨミ,VESPERBELL_YM,2026-08-31 12:02:45+00:00,https://www.youtube.com/watch?v=-BYdGfsSrHA,-BYdGfsSrHA,UCREUB-PjfMdI0KziJy-u0TQ,PT5M30S,confirmed_music,music_channel,
ツユ - それでも雨は降るんだね MV,ツユ,2026-08-31 12:11:33+00:00,https://www.youtube.com/watch?v=HwGFMez_Tnc,HwGFMez_Tnc,UCB2tP2QfRG7hTra0KTOtTBg,PT3M45S,confirmed_music,music_channel,
【歌ってみた】喜劇 カバー 羊羊｜フルVer. #星野源 #SPY_FAMILY,羊羊🐏meimei,2026-08-31 12:15:12+00:00,https://www.youtube.com/watch?v=p_l3LANRAHU,p_l3LANRAHU,UCHT_vElA_6ERjOvRbww01dw,PT4M2S,confirmed_music,music_channel,
トレセン音頭,Narita Brian (CV: Rika Kinugawa) - Topic,2026-08-31 13:04:28+00:00,https://www.youtube.com/watch?v=K2MLBGo_su8,K2MLBGo_su8,UCYCpcNz_a-MArbjPLc7g7SQ,PT2M53S,confirmed_music,music_channel,
Umapyoi Celebrity,Release - Topic,2026-08-31 13:06:57+00:00,https://www.youtube.com/watch?v=RQvTU0b386E,RQvTU0b386E,UCQ4Nst9x2q4gZ3x9OHt4jTA,PT2M35S,confirmed_music,distributed_music_release,
GIRLS' LEGEND U,Special Week (CV: Azumi Waki) - Topic,2026-08-31 13:09:13+00:00,https://www.youtube.com/watch?v=G7RmGsHxv-Q,G7RmGsHxv-Q,UCStIhfpVl97S1jIwZmj_zYg,PT4M52S,confirmed_music,music_channel,
三原色 - YOASOBI (Cover) / VESPERBELL × 松永依織,VESPERBELL,2026-08-31 13:16:47+00:00,https://www.youtube.com/watch?v=TEeHGJ4dKnM,TEeHGJ4dKnM,UCPd0Z22gF43dUidPYEQO5-w,PT3M43S,confirmed_music,music_channel,
【歌ってみた】洗脳 / RADWIMPS (Cover by あかつき るき),あかつき るき / Akatsuki Luci,2026-08-31 13:24:49+00:00,https://www.youtube.com/watch?v=xRULdzv7KIM,xRULdzv7KIM,UCv0hpsgpGWYdBsotEA3_5fQ,PT5M36S,confirmed_music,music_channel,
奏  - スキマスイッチ (Cover) / VESPERBELL ヨミ,VESPERBELL_YM,2026-09-02 14:32:35+00:00,https://www.youtube.com/watch?v=-BYdGfsSrHA,-BYdGfsSrHA,UCREUB-PjfMdI0KziJy-u0TQ,PT5M30S,confirmed_music,music_channel,
Tears of orphans,MISIA - Topic,2026-09-02 23:51:19+00:00,https://www.youtube.com/watch?v=kD-TF4hkdEQ,kD-TF4hkdEQ,UCJbz6GhYvW-ov7OLEO32Jng,PT5M59S,confirmed_music,music_channel,
奏  - スキマスイッチ (Cover) / VESPERBELL ヨミ,VESPERBELL_YM,2026-09-03 06:28:11+00:00,https://www.youtube.com/watch?v=-BYdGfsSrHA,-BYdGfsSrHA,UCREUB-PjfMdI0KziJy-u0TQ,PT5M30S,confirmed_music,music_channel,
だから僕は音楽を辞めた/ヨルシカ【弾き語りカバー】,青い子 / AOIKO,2026-09-03 06:33:42+00:00,https://www.youtube.com/watch?v=n1nVnd7qgO4,n1nVnd7qgO4,UCOuF8HWq9_2xV3vVE6eKWRQ,PT4M4S,confirmed_music,music_channel,
【Ado】オールナイトレディオ,Ado,2026-09-03 06:53:20+00:00,https://www.youtube.com/watch?v=lfw8W3uWO7s,lfw8W3uWO7s,UCln9P4Qm3-EAY4aiEPmRwEA,PT3M35S,confirmed_music,music_channel,
Nightcore / Sped Up → Ai Đưa Em Về (Rock Version/Cover),Sen,2026-09-03 07:01:22+00:00,https://www.youtube.com/watch?v=mgDiwGWu9vA,mgDiwGWu9vA,UCiOPAnYULQ0P97xmPDB5Zrw,PT3M35S,confirmed_music,music_channel,
星街すいせい - Stellar Stellar / THE FIRST TAKE,THE FIRST TAKE,2026-09-03 07:04:57+00:00,https://www.youtube.com/watch?v=AAsRtnbDs-0,AAsRtnbDs-0,UC9zY_E8mcAo_Oq772LEZq8Q,PT6M6S,confirmed_music,music_channel,
【Ado】MIRROR,Ado,2026-09-03 07:21:10+00:00,https://www.youtube.com/watch?v=zsBBWBEZkFQ,zsBBWBEZkFQ,UCln9P4Qm3-EAY4aiEPmRwEA,PT3M,confirmed_music,music_channel,
Imagine Dragons - Take Me To The Beach (feat. Ado) (Official Lyric Video),ImagineDragonsVEVO,2026-09-03 07:36:10+00:00,https://www.youtube.com/watch?v=5Duje_sZko8,5Duje_sZko8,UCpx_k19S2vUutWUUM9qmXEg,PT2M48S,confirmed_music,music_channel,
Why Do I (with Hatsune Miku),Set It Off,2026-09-03 07:38:55+00:00,https://www.youtube.com/watch?v=HMFNXgu7L3Q,HMFNXgu7L3Q,UCB1bJqKXS3lpy8HdW0P1zrQ,PT2M36S,confirmed_music,music_channel,
【歌ってみた】喜劇 カバー 羊羊｜フルVer. #星野源 #SPY_FAMILY,羊羊🐏meimei,2026-09-03 07:41:30+00:00,https://www.youtube.com/watch?v=p_l3LANRAHU,p_l3LANRAHU,UCHT_vElA_6ERjOvRbww01dw,PT4M2S,confirmed_music,music_channel,
No More What Ifs,Lyn - Topic,2026-09-03 07:46:28+00:00,https://www.youtube.com/watch?v=GOTDmQ_gGwI,GOTDmQ_gGwI,UCJDvRiWvolEhRLPAVoOzGTA,PT4M1S,confirmed_music,music_channel,
白日 / King Gnu (Covered by レヴィ・エリファ),レヴィ・エリファ-Levi Elipha-,2026-09-04 04:02:20+00:00,https://www.youtube.com/watch?v=aOBlC6uxdHU,aOBlC6uxdHU,UCtnO2N4kPTXmyvedjGWdx3Q,PT4M35S,probable_music,youtube_music_category_only,
【歌ってみた】喜劇 カバー 羊羊｜フルVer. #星野源 #SPY_FAMILY,羊羊🐏meimei,2026-09-04 04:06:55+00:00,https://www.youtube.com/watch?v=p_l3LANRAHU,p_l3LANRAHU,UCHT_vElA_6ERjOvRbww01dw,PT4M2S,confirmed_music,music_channel,
だから僕は音楽を辞めた/ヨルシカ【弾き語りカバー】,青い子 / AOIKO,2026-09-04 04:17:20+00:00,https://www.youtube.com/watch?v=n1nVnd7qgO4,n1nVnd7qgO4,UCOuF8HWq9_2xV3vVE6eKWRQ,PT4M4S,confirmed_music,music_channel,
ツユ - それでも雨は降るんだね MV,ツユ,2026-09-04 04:38:47+00:00,https://www.youtube.com/watch?v=HwGFMez_Tnc,HwGFMez_Tnc,UCB2tP2QfRG7hTra0KTOtTBg,PT3M45S,confirmed_music,music_channel,
奏  - スキマスイッチ (Cover) / VESPERBELL ヨミ,VESPERBELL_YM,2026-09-04 12:16:11+00:00,https://www.youtube.com/watch?v=-BYdGfsSrHA,-BYdGfsSrHA,UCREUB-PjfMdI0KziJy-u0TQ,PT5M30S,confirmed_music,music_channel,
GIRLS' LEGEND U,Special Week (CV: Azumi Waki) - Topic,2026-09-04 18:17:20+00:00,https://www.youtube.com/watch?v=G7RmGsHxv-Q,G7RmGsHxv-Q,UCStIhfpVl97S1jIwZmj_zYg,PT4M52S,confirmed_music,music_channel,
マーベラスサンデータイム☆★,Marvelous Sunday (CV: Marie Miyake) - Topic,2026-09-04 18:23:11+00:00,https://www.youtube.com/watch?v=PdKj1065-P4,PdKj1065-P4,UCnimY3TGE8JmaKxV4TktWow,PT4M28S,confirmed_music,distributed_music_release,
Ms. VICTORIA,Tokai Teio (CV: Machico) - Topic,2026-09-04 18:26:35+00:00,https://www.youtube.com/watch?v=vsnyQd6Ur-M,vsnyQd6Ur-M,UC7Vz3bT7LxjlivNcN0dmfBA,PT4M48S,confirmed_music,music_channel,
BLOW my GALE,Release - Topic,2026-09-04 18:34:33+00:00,https://www.youtube.com/watch?v=7OuVm8V122Q,7OuVm8V122Q,UCqhMnaNQCD4yBfxFpL66_OQ,PT5M8S,confirmed_music,distributed_music_release,
トレセン音頭,Narita Brian (CV: Rika Kinugawa) - Topic,2026-09-04 20:02:21+00:00,https://www.youtube.com/watch?v=K2MLBGo_su8,K2MLBGo_su8,UCYCpcNz_a-MArbjPLc7g7SQ,PT2M53S,confirmed_music,music_channel,
"Driving In My Car (Asgore Runs Over Dess), but Heavenly. Full version + Animation by @xmikamarble",MyaMusical,2026-09-04 20:04:43+00:00,https://www.youtube.com/watch?v=X0ScOY7XyuY,X0ScOY7XyuY,UCRHYD4nbTroozZ1DKRr9EXA,PT3M1S,probable_music,youtube_music_category_only,
Imagine Dragons - Take Me To The Beach (feat. Ado) (Official Lyric Video),ImagineDragonsVEVO,2026-09-04 21:13:21+00:00,https://www.youtube.com/watch?v=5Duje_sZko8,5Duje_sZko8,UCpx_k19S2vUutWUUM9qmXEg,PT2M48S,confirmed_music,music_channel,
【Ado】MIRROR,Ado,2026-09-04 21:16:11+00:00,https://www.youtube.com/watch?v=zsBBWBEZkFQ,zsBBWBEZkFQ,UCln9P4Qm3-EAY4aiEPmRwEA,PT3M,confirmed_music,music_channel,
Why Do I (with Hatsune Miku),Set It Off,2026-09-04 21:19:47+00:00,https://www.youtube.com/watch?v=HMFNXgu7L3Q,HMFNXgu7L3Q,UCB1bJqKXS3lpy8HdW0P1zrQ,PT2M36S,confirmed_music,music_channel,
No More What Ifs,Lyn - Topic,2026-09-04 21:26:48+00:00,https://www.youtube.com/watch?v=GOTDmQ_gGwI,GOTDmQ_gGwI,UCJDvRiWvolEhRLPAVoOzGTA,PT4M1S,confirmed_music,music_channel,
【AKASAKI】Bunny Girl / バニーガール（Lyric Video）,AKASAKI,2026-09-04 21:30:45+00:00,https://www.youtube.com/watch?v=RCltAg_iK0E,RCltAg_iK0E,UC3PZvqEE-zprmx70h3Q-zog,PT3M37S,confirmed_music,music_channel,
"""Violet Snow"" (Violet Evergarden) 🍓 Cover by Lizz Robinett ft. The Goatee",Lizz Robinett,2026-09-05 01:05:41+00:00,https://www.youtube.com/watch?v=FqRXXj3ejoc,FqRXXj3ejoc,UCq36dja_0U4SgB3wYVtr_Zw,PT2M54S,confirmed_music,music_channel,
ばかみたい【Taxi Driver Edition】,Kazuma Kiryu(Takaya Kuroda) - Topic,2026-09-05 01:08:35+00:00,https://www.youtube.com/watch?v=ZSBnCOGj2t4,ZSBnCOGj2t4,UCCjvTSmwyzjqt4V02K1yf5A,PT4M52S,confirmed_music,music_channel,
"[Symphonic-Mobile Suite ""UC""] 6thMob. :Unicorn Gundam",Hiroyuki SAWANO - Topic,2026-09-05 21:02:58+00:00,https://www.youtube.com/watch?v=HVw0QqWOSv4,HVw0QqWOSv4,UCy3Lx1fNl4XnxleZBJK_PXw,PT5M26S,confirmed_music,music_channel,
トレセン音頭 -下剋上 Ver-,Release - Topic,2026-09-06 19:56:56+00:00,https://www.youtube.com/watch?v=RlDZgZvIQ5U,RlDZgZvIQ5U,UCQ4Nst9x2q4gZ3x9OHt4jTA,PT2M46S,confirmed_music,distributed_music_release,
Why Do I (with Hatsune Miku),Set It Off,2026-09-07 09:03:34+00:00,https://www.youtube.com/watch?v=HMFNXgu7L3Q,HMFNXgu7L3Q,UCB1bJqKXS3lpy8HdW0P1zrQ,PT2M36S,confirmed_music,music_channel,
Overdose - Kobo Kanaeru (Cover),Kobo Kanaeru Ch. hololive-ID,2026-09-07 09:06:12+00:00,https://www.youtube.com/watch?v=iiw9Z1I1AcE,iiw9Z1I1AcE,UCjLEmnpCNeisMxy134KPwWw,PT3M14S,confirmed_music,strong_music_title,['cover']
「Yona Yona Journey / TAKU INOUE & Mori Calliope」MUSIC VIDEO,TAKU INOUE,2026-09-07 09:09:23+00:00,https://www.youtube.com/watch?v=YO1V9fn7zYo,YO1V9fn7zYo,UCICy3BC4CIU2OXa7VGoektw,PT4M24S,confirmed_music,music_channel,
Midnight Grand Orchestra『Moonlightspeed 』Music Video,Midnight Grand Orchestra,2026-09-07 09:12:51+00:00,https://www.youtube.com/watch?v=NI8KqzCvFsc,NI8KqzCvFsc,UCnVbtCwr-5LXxUlGxsgD7sQ,PT3M25S,confirmed_music,music_channel,
【Ado】ギラギラ,Ado,2026-09-07 09:16:03+00:00,https://www.youtube.com/watch?v=sOiMD45QGLs,sOiMD45QGLs,UCln9P4Qm3-EAY4aiEPmRwEA,PT4M37S,confirmed_music,music_channel,
Official髭男dism - Pretender［Official Video］,Official髭男dism,2026-09-07 09:27:44+00:00,https://www.youtube.com/watch?v=TQ8WlA2GXbk,TQ8WlA2GXbk,UC3vg17IZ1IV73xx069jG44w,PT5M36S,confirmed_music,music_channel,
稲葉曇『ラグトレイン』Vo. 歌愛ユキ,稲葉曇,2026-09-07 09:37:36+00:00,https://www.youtube.com/watch?v=UnIhRpIT7nc,UnIhRpIT7nc,UCNElM45JypxqAR73RoUQ10g,PT4M12S,confirmed_music,music_channel,
The Vampire (DECO*27) ♥ English Cover 【rachie】ヴァンパイア,rachie 🎀💌,2026-09-07 09:41:49+00:00,https://www.youtube.com/watch?v=QFlCSMlpQIQ,QFlCSMlpQIQ,UCRbsmnDTHD9-4pEIuG7zYRw,PT3M15S,confirmed_music,music_channel,
GUM&DROP / 星街すいせい (official),Suisei Channel,2026-09-07 09:44:51+00:00,https://www.youtube.com/watch?v=uSDtkV3PXSA,uSDtkV3PXSA,UCA4CUIySvg5p-vYJ_3KfLrA,PT3M5S,confirmed_music,music_channel,
monitoring (deco*27) ♥ english cover【rachie】モニタリング,rachie 🎀💌,2026-09-07 09:50:40+00:00,https://www.youtube.com/watch?v=qVyW5iSnrF0,qVyW5iSnrF0,UCRbsmnDTHD9-4pEIuG7zYRw,PT3M6S,confirmed_music,music_channel,
Nightcore / Sped Up → Ai Đưa Em Về (Rock Version/Cover),Sen,2026-09-07 09:51:41+00:00,https://www.youtube.com/watch?v=mgDiwGWu9vA,mgDiwGWu9vA,UCiOPAnYULQ0P97xmPDB5Zrw,PT3M35S,confirmed_music,music_channel,
"""Violet Snow"" (Violet Evergarden) 🍓 Cover by Lizz Robinett ft. The Goatee",Lizz Robinett,2026-09-07 09:55:16+00:00,https://www.youtube.com/watch?v=FqRXXj3ejoc,FqRXXj3ejoc,UCq36dja_0U4SgB3wYVtr_Zw,PT2M54S,confirmed_music,music_channel,
"Aldnoah.Zero - ""aLIEz"" (FULL Ending) | ENGLISH ver | AmaLee",LeeandLie (AmaLee),2026-09-07 09:58:10+00:00,https://www.youtube.com/watch?v=9G9CPZ8Zd7k,9G9CPZ8Zd7k,UC8THb_fnOptyVgpi3xuCd-A,PT4M50S,confirmed_music,music_channel,
Unknown Mother Goose (wowaka) ♡ English Cover【rachie】アンノウン・マザーグース,rachie 🎀💌,2026-09-07 10:04:29+00:00,https://www.youtube.com/watch?v=Jf2r_BwBelM,Jf2r_BwBelM,UCRbsmnDTHD9-4pEIuG7zYRw,PT4M49S,confirmed_music,music_channel,
